,id,key,filename,content_type,metadata,byte_size,checksum,created_at,service_name
0,1,v45JWuyzGoMdeGzLVh2P79jK,ConsentForms_consolidated.pdf,application/pdf,"{\""identified\"":true,\""analyzed\"":true}",459526,lQfifAe8wkLB2e2oNWY9KQ==,2019-05-24 09:20:33,dev
1,2,xwyc52exijqhal6ksa8vsm4926jp,Consent Form_MSMC.pdf,application/pdf,"{\""identified\"":true,\""analyzed\"":true}",221354,OQa011qFR9J737rLqucNQw==,2019-09-16 23:53:30,dev
2,3,adzgi4x3lfdkmab1nr4u2hu4yexs,image.jpg,image/jpeg,"{\""identified\"":true,\""analyzed\"":true}",2844890,qcF4RIU+h8oEoYdbcAZ7og==,2019-10-28 22:29:16,dev
3,4,3cm32tyltey5r4tjakh1r7kuaaww,image.jpg,image/jpeg,"{\""identified\"":true,\""analyzed\"":true}",2412406,ReXjqRaBlmyOkKww/5ldrQ==,2019-10-29 13:00:08,dev
4,5,yiq4ogjmcrxol6zaoemyjdhwgpyr,image.jpg,image/jpeg,"{\""identified\"":true,\""analyzed\"":true}",2696583,s+tFSuqZQooegIo2rKr/IA==,2019-10-29 13:06:41,dev
5,6,qs7ke9pz7by90h37utreyi3dwgjs,image.jpg,image/jpeg,"{\""identified\"":true,\""analyzed\"":true}",2635994,TfPTHg452kmwl4IoiDkH6A==,2019-10-29 13:36:53,dev
6,7,qa4yn4z5zvtabqmokngc38h72pw8,image.jpg,image/jpeg,"{\""identified\"":true,\""analyzed\"":true}",2470707,MLjHEA9us8S233JM4AOr/A==,2019-10-29 13:37:36,dev
7,8,y8xeksz3pmv217f3vqyzc4djt4y6,image.jpg,image/jpeg,"{\""identified\"":true,\""analyzed\"":true}",2377319,FNNgPOAOGruB+CNSr+UjhA==,2019-10-29 13:38:31,dev
8,9,bneu726ktxzvgjjuus1wbejvm2g5,image.jpg,image/jpeg,"{\""identified\"":true,\""analyzed\"":true}",2662872,I6kQyQN53g/wf4Qi4OF8ig==,2019-10-29 13:39:15,dev
9,10,6fnx7ifk95mn8gnr1wswkxykhmwh,image_processing20191030-4-1776ast.jpg,image/jpeg,"{\""identified\"":true,\""width\"":600,\""height\"":800,\""analyzed\"":true}",99401,2rSHyCr2mIOlaoQWO3Mxlg==,2019-10-30 14:28:16,dev
10,11,u50jiny9czmjma8j39lcsv9mcwlr,image_processing20191030-4-1ndjyr3.jpg,image/jpeg,"{\""identified\"":true,\""width\"":600,\""height\"":800,\""analyzed\"":true}",96674,WR3BqDNlkV6EiOhkxjXmXw==,2019-10-30 14:30:22,dev
11,12,l8qdio9r18zzbx40j4wtbyxy5zxt,image_processing20191030-4-1i0hin2.jpg,image/jpeg,"{\""identified\"":true,\""width\"":600,\""height\"":800,\""analyzed\"":true}",90677,qlaMQuTj4U9cM4qhVfzV0w==,2019-10-30 16:58:30,dev
12,13,2dm9unufep0vnr0zunbcxzhnrsmm,image_processing20191030-4-132joup.jpg,image/jpeg,"{\""identified\"":true,\""width\"":600,\""height\"":800,\""analyzed\"":true}",97606,uOPX7C4FYsGtSi1VMVoTLQ==,2019-10-30 16:59:31,dev
13,14,rcvesg98nsfshjij1zo4osaxd9rn,image_processing20191030-4-qzc9io.jpg,image/jpeg,"{\""identified\"":true,\""width\"":600,\""height\"":800,\""analyzed\"":true}",95716,6q8FYOdUc8328sw2IDp/rA==,2019-10-30 17:01:57,dev
14,15,cudo0shotl5van9hn1p9c4vl2qj2,image_processing20191030-4-1lyf5mn.jpg,image/jpeg,"{\""identified\"":true,\""width\"":600,\""height\"":800,\""analyzed\"":true}",90939,nl2iGWS3CkmA6HIRuo2Q4g==,2019-10-30 17:03:00,dev
15,16,29i168dvqxqtl1043s7oa55lombe,image_processing20191030-4-1pq5p78.jpg,image/jpeg,"{\""identified\"":true,\""width\"":600,\""height\"":800,\""analyzed\"":true}",96929,6WNP5IfkMsFkBBaasV/MbQ==,2019-10-30 17:03:47,dev
16,17,hd3sp0dbymnjou9bpi0tvp2g6834,image_processing20191030-4-jffrpi.jpg,image/jpeg,"{\""identified\"":true,\""width\"":600,\""height\"":800,\""analyzed\"":true}",84639,TJfDK5+ymoytUAdwbVzlMg==,2019-10-30 17:04:31,dev
17,18,8nd74oeqgd7rttwwycptwpbjlxkk,image_processing20191030-4-139nshi.jpg,image/jpeg,"{\""identified\"":true,\""width\"":600,\""height\"":800,\""analyzed\"":true}",92949,traiHVemASpKtGDf5mlDyg==,2019-10-30 17:05:46,dev
18,19,6kqcynu18wa33bqmrevka8aa2zjf,image_processing20191030-4-1ooyf2k.jpg,image/jpeg,"{\""identified\"":true,\""width\"":600,\""height\"":800,\""analyzed\"":true}",101288,pouCSBx0C1nLIR9L/l17Mg==,2019-10-30 17:06:44,dev
19,20,60i510w9rublkvgmzdyg3kv3dwib,image_processing20191030-4-185n83p.jpg,image/jpeg,"{\""identified\"":true,\""width\"":600,\""height\"":800,\""analyzed\"":true}",94750,WHoiqlk74iUdRUoL7RqqRw==,2019-10-30 17:15:29,dev
20,21,q8p4jg753dklrk94ueyjppastxo5,image_processing20191105-4-k6bovt.jpg,image/jpeg,"{\""identified\"":true,\""width\"":600,\""height\"":800,\""analyzed\"":true}",90815,at4PpJOmm0kt/yRChGdPtA==,2019-11-05 04:55:25,dev
21,22,4sakipb8klw26xuahuu7gag7gp6r,image_processing20191105-4-1tbs1qz.jpg,image/jpeg,"{\""identified\"":true,\""width\"":600,\""height\"":800,\""analyzed\"":true}",94533,MxwYLeVDO72oPGolQ9HZWQ==,2019-11-05 04:57:16,dev
22,23,19ma7rr9p5fp794wrtanygnxpw7p,image_processing20191105-4-imqzhl.jpg,image/jpeg,"{\""identified\"":true,\""width\"":600,\""height\"":800,\""analyzed\"":true}",86871,fib2hpJul3SAFnkb/QO92g==,2019-11-05 04:58:49,dev
23,24,hzg3y94ywpi1cxfy2m0tzn7lsa33,image_processing20191105-4-io8hlz.jpg,image/jpeg,"{\""identified\"":true,\""width\"":600,\""height\"":800,\""analyzed\"":true}",100020,Id0j5QPvBnX3EggIiwx8PA==,2019-11-05 05:01:08,dev
24,25,t68wc83y1aubqz3qzlnh623fbx2t,image_processing20191105-4-1lcbcne.jpg,image/jpeg,"{\""identified\"":true,\""width\"":600,\""height\"":800,\""analyzed\"":true}",98641,ZdjrSIHkG25CbR7X45yVsg==,2019-11-05 05:03:04,dev
25,26,9rp5xqaojiknvt2imi26yv3gh833,image_processing20191105-4-1v4winr.jpg,image/jpeg,"{\""identified\"":true,\""width\"":600,\""height\"":800,\""analyzed\"":true}",104133,90Jt5+2D6DI9E5l91kTi5w==,2019-11-05 05:04:30,dev
26,27,bfmabm4ce0nmct256otzus0qk8s5,image_processing20191106-4-mspm95.jpg,image/jpeg,"{\""identified\"":true,\""width\"":600,\""height\"":800,\""analyzed\"":true}",85855,yCnmAfHICRryflAuLQYxTg==,2019-11-06 17:59:25,dev
27,28,i8u7b3p2d8zdcbva37qhqnkipckv,image_processing20191106-4-4jejjq.jpg,image/jpeg,"{\""identified\"":true,\""width\"":600,\""height\"":800,\""analyzed\"":true}",92041,Fh2hhe4BMUvweKwZ3Xf79g==,2019-11-06 18:01:09,dev
28,29,qxqv3v4yxrtxfk2ukwy0gkq1hpds,image_processing20191106-4-1440q7c.jpg,image/jpeg,"{\""identified\"":true,\""width\"":600,\""height\"":800,\""analyzed\"":true}",85582,fQlVbM+Iaix9hPpz0088fA==,2019-11-06 18:02:27,dev
29,30,z9tsjdpvs7vlpn5lu2227elk13ou,image_processing20191106-4-tfxnli.jpg,image/jpeg,"{\""identified\"":true,\""width\"":600,\""height\"":800,\""analyzed\"":true}",87403,FWeMsR35/UF6wIYcybhy2w==,2019-11-06 18:03:10,dev
30,31,u5341k6bq3r0hy9gqhviruf06hly,image_processing20191106-4-13v1q6m.jpg,image/jpeg,"{\""identified\"":true,\""width\"":600,\""height\"":800,\""analyzed\"":true}",94072,rVVcpH0C5qzJ2dFfdslC7Q==,2019-11-06 18:04:46,dev
31,32,2kxp2xg0igeml2k83kxpcbe6k3mx,image_processing20191108-4-1b91r5s.jpg,image/jpeg,"{\""identified\"":true,\""width\"":600,\""height\"":800,\""analyzed\"":true}",95684,6l6uk/Ig4GmNPE5/touJ6A==,2019-11-08 20:38:59,dev
32,33,7kwxb6t102ui51p3oreq0pgsd6s8,image_processing20191108-4-1mw3hw4.jpg,image/jpeg,"{\""identified\"":true,\""width\"":600,\""height\"":800,\""analyzed\"":true}",93480,qiz+s0Tgw4yPGJzn80t9zw==,2019-11-08 20:40:26,dev
33,34,0l2y2syd17zvc6h2w2a5x9enffhv,image_processing20191108-4-1on0oue.jpg,image/jpeg,"{\""identified\"":true,\""width\"":600,\""height\"":800,\""analyzed\"":true}",97205,Yb3gvaogkoAX3V3rynXaAA==,2019-11-08 20:43:31,dev
34,35,ebw24mzsin9tt0ueuu6osqwwdmja,image_processing20191108-4-15hdhth.jpg,image/jpeg,"{\""identified\"":true,\""width\"":600,\""height\"":800,\""analyzed\"":true}",100742,BFNJXhhMtbkdtRl161I0PQ==,2019-11-08 20:50:50,dev
35,36,ia9pb5ysfj0zfo3s72nae6jr8eqz,image_processing20191108-4-ppku31.jpg,image/jpeg,"{\""identified\"":true,\""width\"":600,\""height\"":800,\""analyzed\"":true}",91279,KQZmH6ObVGjMndZ3+B91bQ==,2019-11-08 20:52:41,dev
36,37,j9c6tnwghj3jawt5jxbchsa71y6d,image_processing20191108-4-jx6p4u.jpg,image/jpeg,"{\""identified\"":true,\""width\"":600,\""height\"":800,\""analyzed\"":true}",94121,vCeP4sfMOl5gzsDgXTNLow==,2019-11-08 20:58:35,dev
37,38,qw9ih0n0dltpx3bddz446wrl3gcr,image_processing20191113-4-y7utky.jpg,image/jpeg,"{\""identified\"":true,\""width\"":600,\""height\"":800,\""analyzed\"":true}",94420,gKElSJhrWJtVCvLhC674Hw==,2019-11-13 13:39:29,dev
38,39,4duee6pksnw4emjjl04vi40po9to,image_processing20191115-4-jnd0yy.jpg,image/jpeg,"{\""identified\"":true,\""width\"":600,\""height\"":800,\""analyzed\"":true}",90769,kj6QpUd2J+xCQW1oOpDT3g==,2019-11-15 19:26:50,dev
39,40,4yqnqls59edwaag63dr1hip4jxrs,image_processing20191115-4-11y7mwp.jpg,image/jpeg,"{\""identified\"":true,\""width\"":600,\""height\"":800,\""analyzed\"":true}",94898,vJQM1LEA7wasFmhgnwOOoQ==,2019-11-15 19:29:26,dev
40,41,oq4x68iillwbeg0h113mdfyjukta,image_processing20191121-4-1upn20h.jpg,image/jpeg,"{\""identified\"":true,\""width\"":600,\""height\"":800,\""analyzed\"":true}",89640,7bmZebJEfG1fDhxgRmWymA==,2019-11-21 03:28:31,dev
41,42,y05j3i2p8gm4xgy867ntseiqxf9x,image_processing20191121-4-a455a4.jpg,image/jpeg,"{\""identified\"":true,\""width\"":600,\""height\"":800,\""analyzed\"":true}",100374,dby7OmbaYFW6rNu35Zq5rA==,2019-11-21 03:29:45,dev
42,43,3itvdz6fkro9cvumh0n7axuiqnpl,image_processing20191121-4-yz4si3.jpg,image/jpeg,"{\""identified\"":true,\""width\"":600,\""height\"":800,\""analyzed\"":true}",111635,sqpJMDYH5ZKs6ElzOlvfCg==,2019-11-21 03:31:10,dev
43,44,xlidrd0my57j5c4xovvm8eoot4jb,image_processing20191121-4-15py1ih.jpg,image/jpeg,"{\""identified\"":true,\""width\"":600,\""height\"":800,\""analyzed\"":true}",102388,1Awevha6I2Q+5nzuFrD6Vg==,2019-11-21 03:32:56,dev
44,45,fmj2suadowhgitogprwrka0cha3p,image_processing20191121-4-90dn8h.jpg,image/jpeg,"{\""identified\"":true,\""width\"":600,\""height\"":800,\""analyzed\"":true}",104019,Bfwfc1wIO3VtAIrlm3MoAQ==,2019-11-21 03:33:59,dev
45,46,qfzo7sg42f1esy9lla0li2d1txy2,image_processing20191121-4-88m6ms.jpg,image/jpeg,"{\""identified\"":true,\""width\"":600,\""height\"":800,\""analyzed\"":true}",99699,znSFMNUVJHzLKcE5dAst0Q==,2019-11-21 03:35:27,dev
46,48,wsixjqi22i7fzmkam0zsz760dpn6,image_processing20200207-4-118hco0.jpg,image/jpeg,"{\""identified\"":true,\""width\"":600,\""height\"":800,\""analyzed\"":true}",82893,9V9pu3kgS565qGlW0hFfTA==,2020-02-07 18:10:20,dev
47,49,35dbf60qwahkjodq2zfmqk8de3l7,image_processing20200207-4-1y0cnki.jpg,image/jpeg,"{\""identified\"":true,\""width\"":600,\""height\"":800,\""analyzed\"":true}",90972,0VV8fL0AwBP4+THRZwVhFw==,2020-02-07 18:12:29,dev
48,50,7lvy6rff8ft9js67xxt5ks1xqanx,image_processing20200207-4-4ussb.jpg,image/jpeg,"{\""identified\"":true,\""width\"":600,\""height\"":800,\""analyzed\"":true}",91129,lgWKhtVraHRNx4xd2Y6uJA==,2020-02-07 18:14:43,dev
49,51,u6lqnrip8uq91m8n4jssnbfr1y93,image_processing20200207-4-1picven.jpg,image/jpeg,"{\""identified\"":true,\""width\"":600,\""height\"":800,\""analyzed\"":true}",83713,WqK3kTzAp9H3zzsULz3CNA==,2020-02-07 18:15:54,dev
50,52,dp6knuqy6pvntav9wi21hd6y89xc,image_processing20200207-4-33l67w.jpg,image/jpeg,"{\""identified\"":true,\""width\"":600,\""height\"":800,\""analyzed\"":true}",90954,ng2kElyHFxtcC/PM0ANw8w==,2020-02-07 18:17:12,dev
51,53,vf18yrxl404bw5ar81tdwqesp9yq,image_processing20200207-4-av79ho.jpg,image/jpeg,"{\""identified\"":true,\""width\"":600,\""height\"":800,\""analyzed\"":true}",86545,ju1l9Fc+fEkY4DoMfSA9Ow==,2020-02-07 18:18:21,dev
52,54,akteorim77b6vfuwa10usw6czd7z,image_processing20200207-4-1qb41qq.jpg,image/jpeg,"{\""identified\"":true,\""width\"":600,\""height\"":800,\""analyzed\"":true}",91155,bxfUGwdbgtXegl8+gVaX9w==,2020-02-07 18:19:34,dev
53,55,0z2d9p2p8d2v5qocren0nz5fqma3,image_processing20200207-4-1pxr7rz.jpg,image/jpeg,"{\""identified\"":true,\""width\"":600,\""height\"":800,\""analyzed\"":true}",97172,zFhq52hWKq6xDEWnEXmmRw==,2020-02-07 19:02:15,dev
54,56,vbaxkg7i6fajvjddeyfw0awl3h16,image_processing20200207-4-1q74f0.jpg,image/jpeg,"{\""identified\"":true,\""width\"":600,\""height\"":800,\""analyzed\"":true}",103172,WI2YulfZGjB7NeRpuspRrA==,2020-02-07 19:03:11,dev
55,57,lt7c1emznbl3lnp7ppwk5ua6sodj,image_processing20200210-4-9p90g.jpg,image/jpeg,"{\""identified\"":true,\""width\"":600,\""height\"":800,\""analyzed\"":true}",96582,bS4ij/9UqYCy6sBiD/hvig==,2020-02-10 18:06:44,dev
56,58,y7oc8a2wpv1rxh12qxp3safqo2o7,image_processing20200210-4-1ybj6sm.jpg,image/jpeg,"{\""identified\"":true,\""width\"":600,\""height\"":800,\""analyzed\"":true}",103854,TMz90eBtzuZKPO6SxVuRZQ==,2020-02-10 18:10:14,dev
57,59,7k3bqgai9hxsjws7ci94mpnxao5k,image_processing20200214-4-rvwjed.jpg,image/jpeg,"{\""identified\"":true,\""width\"":600,\""height\"":800,\""analyzed\"":true}",100078,gEdCB89fUN9mlooxhwxS4A==,2020-02-14 17:54:45,dev
58,60,c1kj0d868ccsrf5kh8dv42d52z7f,image_processing20200214-4-1n9sthr.jpg,image/jpeg,"{\""identified\"":true,\""width\"":600,\""height\"":800,\""analyzed\"":true}",101325,ObO26OoXW18cvxah8npg2w==,2020-02-14 17:55:46,dev
59,61,vzks79jxwj9ufxey96pqfrk35598,image_processing20200214-4-1u6afz2.jpg,image/jpeg,"{\""identified\"":true,\""width\"":600,\""height\"":800,\""analyzed\"":true}",103712,EPxXJRa/1Nsh/wPNz0vvog==,2020-02-14 17:56:39,dev
60,62,sosn1gxh5zxjnf2ai11jpa48wcvb,image_processing20200214-4-zyuz73.jpg,image/jpeg,"{\""identified\"":true,\""width\"":600,\""height\"":800,\""analyzed\"":true}",90612,FsdKwu33Ou4cAR8g3+rCew==,2020-02-14 17:57:40,dev
61,63,ps4254y7pvt4ctqf6hyg3jluugqr,image_processing20200214-4-kmd4lf.jpg,image/jpeg,"{\""identified\"":true,\""width\"":600,\""height\"":800,\""analyzed\"":true}",92006,/t+gxRNmO67Te+ZZnyiZsg==,2020-02-14 17:58:50,dev
62,64,23h81pzxj3r403ne3gcyu6g07mm1,image_processing20200214-4-lizag5.jpg,image/jpeg,"{\""identified\"":true,\""width\"":600,\""height\"":800,\""analyzed\"":true}",91237,+scyyD2B6sYIuRsPWaBHSA==,2020-02-14 17:59:58,dev
63,65,p53eqk0n49a0n9cxonehadfh7tdq,image_processing20200214-4-15divte.jpg,image/jpeg,"{\""identified\"":true,\""width\"":600,\""height\"":800,\""analyzed\"":true}",89302,aZ7PPy3jQfrFe6aUGLGbIg==,2020-02-14 18:00:55,dev
64,66,x8x4hguuchlg0czpmhm4jdq7mtku,image_processing20200214-4-9gfzf4.jpg,image/jpeg,"{\""identified\"":true,\""width\"":600,\""height\"":800,\""analyzed\"":true}",93918,kN+DhvWEbGJi60Gvvaza5w==,2020-02-14 18:01:54,dev
65,67,503cipo73sulpobr72xgpgj0dzyx,image_processing20200219-4-509nef.jpg,image/jpeg,"{\""identified\"":true,\""width\"":600,\""height\"":800,\""analyzed\"":true}",85535,vf3GHh2hYsryh0t8UasuVA==,2020-02-19 18:19:55,dev
66,68,yrpcj20qi8qjknravfnbs6hj1nca,image_processing20200219-4-i23p03.jpg,image/jpeg,"{\""identified\"":true,\""width\"":600,\""height\"":800,\""analyzed\"":true}",90819,+YEt5Sofguzfae8gu+fBew==,2020-02-19 18:20:53,dev
67,69,5x0s303vqaziufx8hhd4hxzevv3k,image_processing20200219-4-7pytm4.jpg,image/jpeg,"{\""identified\"":true,\""width\"":600,\""height\"":800,\""analyzed\"":true}",98431,hm5pHfMbz2b6Lkmmleu8Tg==,2020-02-19 18:22:18,dev
68,70,lowf59004lyjl7sttaxdlmeqg89j,image_processing20200219-4-rq7mkb.jpg,image/jpeg,"{\""identified\"":true,\""width\"":600,\""height\"":800,\""analyzed\"":true}",90687,rHchcD2h0nl4akwzCuD0mA==,2020-02-19 18:23:26,dev
69,71,ykvzpsccs7zox13jf1sqn2tm7vws,image_processing20200219-4-1891c79.jpg,image/jpeg,"{\""identified\"":true,\""width\"":600,\""height\"":800,\""analyzed\"":true}",85926,DhmfzqlIICTvOVnOSYpHzQ==,2020-02-19 18:24:33,dev
70,72,qoa3xiip26udfadmrao78nj0b7q5,image_processing20200219-4-k7k3jb.jpg,image/jpeg,"{\""identified\"":true,\""width\"":600,\""height\"":800,\""analyzed\"":true}",98879,7xIT5hOVVV9pTTwIU6cGrA==,2020-02-19 18:25:29,dev
71,73,pg75xyq250i48duzk8lmnvyxabdo,image_processing20200226-4-bmi439.jpg,image/jpeg,"{\""identified\"":true,\""width\"":600,\""height\"":800,\""analyzed\"":true}",99001,lNQcnICkZBHC3bwm9m2IPw==,2020-02-26 18:00:10,dev
72,74,t5hj6m8vhysiqawmu8qohsmfcl0m,image_processing20200226-4-76fdvx.jpg,image/jpeg,"{\""identified\"":true,\""width\"":600,\""height\"":800,\""analyzed\"":true}",90530,1Rb3/hKx3FZO5RbM+Z/3EA==,2020-02-26 18:02:46,dev
73,75,xjcdg6acbfr2v0lvibjg1o21p1sj,image_processing20200226-4-d12njs.jpg,image/jpeg,"{\""identified\"":true,\""width\"":600,\""height\"":800,\""analyzed\"":true}",92726,Nc+r4T19DfmZDh1UfwmsOw==,2020-02-26 18:04:45,dev
74,76,hvylboi39vq4hbxrarz8pkepuwjs,image_processing20200226-4-1064kls.jpg,image/jpeg,"{\""identified\"":true,\""width\"":600,\""height\"":800,\""analyzed\"":true}",84993,mnvfVlxkDf6iA7m/uKpkgA==,2020-02-26 18:06:18,dev
75,77,n34ypubk2r9g2gupx8iow2wdxowa,image_processing20200226-4-c97z4v.jpg,image/jpeg,"{\""identified\"":true,\""width\"":600,\""height\"":800,\""analyzed\"":true}",98437,AX/dSICjIz2fbXHW0VZm0Q==,2020-02-26 18:08:45,dev
76,78,g2b6g1h45evmgxy1xn0r2gumdj7f,image_processing20200226-4-1aad0io.jpg,image/jpeg,"{\""identified\"":true,\""width\"":600,\""height\"":800,\""analyzed\"":true}",91898,a/sHEY8YrvUZMdYZkUsoKA==,2020-02-26 18:10:33,dev
77,79,w5v55v3uc80nprujwl30u8yislaz,image_processing20200226-4-5ds5tr.jpg,image/jpeg,"{\""identified\"":true,\""width\"":600,\""height\"":800,\""analyzed\"":true}",97634,mAM31KLVp5jlRrQZShII/g==,2020-02-26 18:11:59,dev
78,80,eu4ijs3787nl8ftuuvjou3xcyeja,image_processing20200226-4-1szybkv.jpg,image/jpeg,"{\""identified\"":true,\""width\"":600,\""height\"":800,\""analyzed\"":true}",92740,UD/qwdAbGQV357zk9qv+MA==,2020-02-26 18:13:20,dev
79,81,jbi7nrj0d7c3qrfwa1awkwvd07zo,image_processing20200226-4-o3ihr2.jpg,image/jpeg,"{\""identified\"":true,\""width\"":600,\""height\"":800,\""analyzed\"":true}",94957,dPrvKI50x9J8xgACnNyhgg==,2020-02-26 18:18:48,dev
80,82,sqxmr33rd3awmtu96xolgcn383r7,image_processing20200226-4-w5ohpr.jpg,image/jpeg,"{\""identified\"":true,\""width\"":600,\""height\"":800,\""analyzed\"":true}",90663,QL24N6/0TOcDOoOOp6Iq5w==,2020-02-26 18:20:03,dev
81,83,hzzw9n9kzzl4mv728kuhg5oi6pxy,image_processing20200303-4-1q6idtt.jpg,image/jpeg,"{\""identified\"":true,\""width\"":600,\""height\"":800,\""analyzed\"":true}",90804,rSFOPmd1T+Z9yh9+IKXjpQ==,2020-03-03 17:13:22,dev
82,84,288s8c2rmzy8v9o9s0xwb7tkmstu,image_processing20200303-4-cddefk.jpg,image/jpeg,"{\""identified\"":true,\""width\"":600,\""height\"":800,\""analyzed\"":true}",88713,Efnr+Kfv5A850oEhcEChRA==,2020-03-03 17:14:19,dev
83,85,jhtplo3kas4deiwvxo60iz6dk231,image_processing20200303-4-1brbq59.jpg,image/jpeg,"{\""identified\"":true,\""width\"":600,\""height\"":800,\""analyzed\"":true}",90852,P0OHAkYMr5Yg6KOEQl9g4g==,2020-03-03 17:15:15,dev
84,86,kc942fbs6tei3u4qr4z9c17eim01,image_processing20200303-4-lvisjo.jpg,image/jpeg,"{\""identified\"":true,\""width\"":600,\""height\"":800,\""analyzed\"":true}",86614,0+TNBRviVZ7eIg1QvhUc1Q==,2020-03-03 17:16:21,dev
85,87,amqxce8jcweekpi1w8yv86ewn5j3,image_processing20200303-4-1gayq84.jpg,image/jpeg,"{\""identified\"":true,\""width\"":600,\""height\"":800,\""analyzed\"":true}",88412,4V6ZEQI3ylkaYnVaynY9Dg==,2020-03-03 17:17:01,dev
86,88,qc2rrokd9og8oljxvfi662zyoy5q,image_processing20200303-4-bzzthl.jpg,image/jpeg,"{\""identified\"":true,\""width\"":600,\""height\"":800,\""analyzed\"":true}",95082,b01MqiWYxVMcQFyxXLZTQg==,2020-03-03 17:17:43,dev
87,89,3io88unh4ifrpuq8lppg4pnouxxd,image_processing20200303-4-1hytm99.jpg,image/jpeg,"{\""identified\"":true,\""width\"":600,\""height\"":800,\""analyzed\"":true}",94178,z08Veah2j05KlaoBAIKPzg==,2020-03-03 17:18:32,dev
88,90,d43gs2sb7xo7t4x542e032u8a3fe,image_processing20200303-4-f4d2b.jpg,image/jpeg,"{\""identified\"":true,\""width\"":600,\""height\"":800,\""analyzed\"":true}",95367,wFrepCy9AQQJUPKxlKVljQ==,2020-03-03 17:19:36,dev
89,91,h9k4y9xwr19lb4b78vbtqicoahy3,image_processing20200303-4-m0wh4j.jpg,image/jpeg,"{\""identified\"":true,\""width\"":600,\""height\"":800,\""analyzed\"":true}",94772,s4RduSV/jYFD5IxvFtbyOA==,2020-03-03 17:20:41,dev
90,92,3oddfso3b4jc0odt7tx2toyy0kjd,image_processing20200303-4-zs2zxh.jpg,image/jpeg,"{\""identified\"":true,\""width\"":600,\""height\"":800,\""analyzed\"":true}",96959,XF8CRhz6hHcDwjZ2EgRTZw==,2020-03-03 17:21:42,dev
91,93,rvn00cbiimydo56ljy00dpver8g0,image_processing20200307-4-1lsd3hg.jpg,image/jpeg,"{\""identified\"":true,\""width\"":600,\""height\"":800,\""analyzed\"":true}",114377,kV2bkvej4KxAe5vVzbJl7g==,2020-03-07 19:40:42,dev
92,94,wkzr2fgh5hoepfwl0ts3e56vv0z5,image_processing20200307-4-jdvre4.jpg,image/jpeg,"{\""identified\"":true,\""width\"":600,\""height\"":800,\""analyzed\"":true}",106585,BKhH+Mx1Iu4l4uiZrtEgbQ==,2020-03-07 19:43:16,dev
93,95,szyx4hj5mawflrii26lgiqtpxc37,image_processing20200307-4-4xmbni.jpg,image/jpeg,"{\""identified\"":true,\""width\"":600,\""height\"":800,\""analyzed\"":true}",110796,L92aOqlXKCeHcy2Ipa+HxA==,2020-03-07 19:44:42,dev
94,96,86ddk2id52u420zwgbspsihkqozx,image_processing20200307-4-6hasny.jpg,image/jpeg,"{\""identified\"":true,\""width\"":600,\""height\"":800,\""analyzed\"":true}",114033,Tv7sqxH+I+gHAMhSZzCCHg==,2020-03-07 19:47:12,dev
95,97,qph00rh5adbiwye3nqra1du7ze6b,image_processing20200307-4-dt6mt8.jpg,image/jpeg,"{\""identified\"":true,\""width\"":600,\""height\"":800,\""analyzed\"":true}",112031,/1hLy6WC9ktLZKuRHZWrJA==,2020-03-07 19:49:03,dev
96,98,2k7iuoo7rqbv28wacxfj19qzhwxq,image_processing20200307-4-1frvp5k.jpg,image/jpeg,"{\""identified\"":true,\""width\"":600,\""height\"":800,\""analyzed\"":true}",119198,zuGq8928/9m6HnsEtvBUmQ==,2020-03-07 19:50:21,dev
97,99,fs7ww6mja8teonc5kz7unmnhe3wm,image_processing20200311-4-7nts3l.jpg,image/jpeg,"{\""identified\"":true,\""width\"":600,\""height\"":800,\""analyzed\"":true}",90346,ogrmAVD7zvtCRJdPE/VvmA==,2020-03-11 15:01:43,dev
98,100,s3ch3zr4pdxmoooam4pet21ipv1e,image_processing20200311-4-8rgeje.jpg,image/jpeg,"{\""identified\"":true,\""width\"":600,\""height\"":800,\""analyzed\"":true}",87218,jfjERENp+OWciZAtMENTFw==,2020-03-11 15:03:49,dev
99,101,dqib5j0sb2b97w6r8f4igg8wla3i,image_processing20200311-4-wsl7g2.jpg,image/jpeg,"{\""identified\"":true,\""width\"":600,\""height\"":800,\""analyzed\"":true}",95787,hpg323w2zrqGhWOasGBZJg==,2020-03-11 15:06:23,dev
100,102,khxlwoqyk19yoi3jud1tlatwjdyh,image_processing20200311-4-aue6tm.jpg,image/jpeg,"{\""identified\"":true,\""width\"":600,\""height\"":800,\""analyzed\"":true}",96209,OPOicQrW+ug4XDN/s7evnA==,2020-03-11 15:08:08,dev
101,103,hkboh8fd1u2mu6be3of69obwxyr5,image_processing20200401-4-eumoz0.png,image/png,"{\""identified\"":true,\""width\"":618,\""height\"":800,\""analyzed\"":true}",405956,b1ebuHoUVJKauQbXlf6qDw==,2020-04-01 13:50:26,dev
102,104,xig5d7n5jlu8onf649e64sj307rp,image_processing20200401-4-zo0xxa.png,image/png,"{\""identified\"":true,\""width\"":618,\""height\"":800,\""analyzed\"":true}",409729,Xc97W5B40v5mMt+UWtDhcQ==,2020-04-01 14:02:46,dev
103,105,tyw27pv8xi3z6hoo85e6edtmzoxv,image_processing20200402-4-12u93cr.png,image/png,"{\""identified\"":true,\""width\"":618,\""height\"":800,\""analyzed\"":true}",633147,CkyjaH6rkr23K435boxp7w==,2020-04-02 12:19:27,dev
104,106,qfm60h89xw0sn6w73ozutmtutceg,image_processing20200402-4-1bmforu.png,image/png,"{\""identified\"":true,\""width\"":600,\""height\"":800,\""analyzed\"":true}",881952,1T9VjtUNFPZlfUka2dIJ4Q==,2020-04-02 12:23:42,dev
105,107,92145h5qik2ge9jeaw8s7m12tiz5,image_processing20200402-4-1hab79u.png,image/png,"{\""identified\"":true,\""width\"":600,\""height\"":800,\""analyzed\"":true}",824005,pm1h9k/dCJnxdtBWGu7hnw==,2020-04-02 12:27:56,dev
106,108,wd99mjqylh9oc81kjvrc72zshues,image_processing20200402-4-5d5hq5.png,image/png,"{\""identified\"":true,\""width\"":618,\""height\"":800,\""analyzed\"":true}",222381,tzT7KMZPbxPT93QfIWz64g==,2020-04-02 12:34:19,dev
107,109,ifn6ssrs5huie02jojbcpw4vmbvo,image_processing20200402-4-7nlf2o.jpg,image/jpeg,"{\""identified\"":true,\""width\"":600,\""height\"":800,\""analyzed\"":true}",88894,1ZZGjKw/Kpqw3O2wiQ4EdA==,2020-04-02 12:45:27,dev
108,110,bucr4h3lqaxcxdueexek4d89b7bd,image_processing20200402-4-1pzsjcm.jpg,image/jpeg,"{\""identified\"":true,\""width\"":600,\""height\"":800,\""analyzed\"":true}",94442,3sKKJreeGFtE9iQ+dftXQw==,2020-04-02 12:50:10,dev
109,111,wxdfhb8h2tw2t7llu2qc50cj89jj,image_processing20200402-4-i7ycak.jpg,image/jpeg,"{\""identified\"":true,\""width\"":600,\""height\"":800,\""analyzed\"":true}",71045,OwqiYrXwBFcvWPZF4L3Ayg==,2020-04-02 12:54:52,dev
110,112,18n8diu83opy63kb2v5qymwmthsk,image_processing20200402-4-ved46z.png,image/png,"{\""identified\"":true,\""width\"":618,\""height\"":800,\""analyzed\"":true}",613780,iiLsEu7IUUIt87ElZhIFHw==,2020-04-02 12:57:01,dev
111,113,8n3d2bvjl6rsikjm05gpmph4a54u,image_processing20200402-4-1s5rs9j.jpg,image/jpeg,"{\""identified\"":true,\""width\"":600,\""height\"":800,\""analyzed\"":true}",85068,Xb1DnGEwba3hDGOLUWoBhQ==,2020-04-02 13:01:44,dev
112,114,4vrz31qlvuvtt32b91rzzxeqhwjk,image_processing20200402-4-p04qf8.png,image/png,"{\""identified\"":true,\""width\"":618,\""height\"":800,\""analyzed\"":true}",240387,2N1qPa6HonOryoN6hqfg7A==,2020-04-02 13:04:38,dev
113,115,7faikkaquopzpnlfytd62le1asq6,image_processing20200402-4-g1d85j.jpg,image/jpeg,"{\""identified\"":true,\""width\"":600,\""height\"":800,\""analyzed\"":true}",94223,8sZ4l0RdZ7zMiqgmnyGyMg==,2020-04-02 13:08:57,dev
114,116,17okw1wk8n9nc5f9fka2cdb40mxf,image_processing20200420-4-12e8tin.png,image/png,"{\""identified\"":true,\""width\"":618,\""height\"":800,\""analyzed\"":true}",214981,nHAL/R/3DtDmdhM+c3LGDg==,2020-04-20 04:35:29,dev
115,117,od27wur2lzoqbp7xoctlozpfvpvv,image_processing20200420-4-xjx4h5.jpg,image/jpeg,"{\""identified\"":true,\""width\"":600,\""height\"":800,\""analyzed\"":true}",104461,u71nAmQ4yJYKkePTTUzBNQ==,2020-04-20 04:38:56,dev
116,118,odv9b20acfqq61mln3fgutz4le63,image_processing20200420-4-igdo2v.png,image/png,"{\""identified\"":true,\""width\"":618,\""height\"":800,\""analyzed\"":true}",554986,rfrdPGKmxJF1w4f2w5PJTg==,2020-04-20 04:42:39,dev
117,119,glp0begflvimvhtuy2jpsq36b38l,image_processing20200420-4-1af6cld.png,image/png,"{\""identified\"":true,\""width\"":644,\""height\"":800,\""analyzed\"":true}",254975,tigAIGfNMxq6muMCdkRTAw==,2020-04-20 04:47:08,dev
118,120,8rpal5hz6y4hm2gc0zjca7mub568,image_processing20200420-4-agx1tp.png,image/png,"{\""identified\"":true,\""width\"":618,\""height\"":800,\""analyzed\"":true}",216420,lHTY39vw0YUAPkhlKE6ECw==,2020-04-20 04:49:23,dev
119,121,z2ds92xiw58sug35jgus77xelb6i,image_processing20200420-4-nsxhxj.png,image/png,"{\""identified\"":true,\""width\"":618,\""height\"":800,\""analyzed\"":true}",229220,YNiOUXFNL3cpgOiY3pztdQ==,2020-04-20 04:51:27,dev
120,122,yby32wgxugkocb3cmjjhoojdk8lx,image_processing20200420-4-1uudlxn.png,image/png,"{\""identified\"":true,\""width\"":600,\""height\"":800,\""analyzed\"":true}",775136,C4PsGBGTs4P5jzq1Nv4Vfg==,2020-04-20 04:54:33,dev
121,123,m4jaibho9dnytc0d24kc913lrqag,image_processing20200420-4-t8nma2.jpg,image/jpeg,"{\""identified\"":true,\""width\"":600,\""height\"":800,\""analyzed\"":true}",95581,irFqEAaWjhuUuXSI+6rEsw==,2020-04-20 04:56:59,dev
122,124,u50crudgmr3iwfsohjcy5q7mvbb5,image_processing20200420-4-1slp04h.jpg,image/jpeg,"{\""identified\"":true,\""width\"":600,\""height\"":800,\""analyzed\"":true}",92338,7dSvP9dEXZ8df+4h2ohYfA==,2020-04-20 04:59:47,dev
123,125,d6ho5t78blgtxg54rvunm6vvr5qk,image_processing20200420-4-17orrg1.jpg,image/jpeg,"{\""identified\"":true,\""width\"":600,\""height\"":800,\""analyzed\"":true}",103716,ZEFCelk5radM4NSxsZosKw==,2020-04-20 05:01:56,dev
124,126,2lp9f5b8f8sa2dnwhh3psb3fwu3z,image_processing20200922-4-1x176sr.jpg,image/jpeg,"{\""identified\"":true,\""width\"":600,\""height\"":800,\""analyzed\"":true}",107153,WxhUGvuAkUR9WSCpS7rNgA==,2020-09-22 20:20:56,dev
125,127,u8r9hqnj6siqg1umvqatsqk0jtao,image_processing20200922-4-sgt5rl.jpg,image/jpeg,"{\""identified\"":true,\""width\"":600,\""height\"":800,\""analyzed\"":true}",104405,a+WfdpRHe8bjqH+9WAZWEw==,2020-09-22 20:27:10,dev
126,128,vnlmmt7br10xcdsx0x81okatilmn,image_processing20200922-4-d0fx63.jpg,image/jpeg,"{\""identified\"":true,\""width\"":600,\""height\"":800,\""analyzed\"":true}",106529,e9WUrNaPkuaH5jUTBjReMQ==,2020-09-22 20:47:25,dev
127,129,a9p1cnwikjagter5unsb9rrlyjjd,image_processing20200922-4-5bi01r.jpg,image/jpeg,"{\""identified\"":true,\""width\"":600,\""height\"":800,\""analyzed\"":true}",104525,7fo2iuQaSawswjZtTQJRFg==,2020-09-22 20:48:09,dev
128,130,o4er2cyx0f8q019i1masdmxtf50r,image_processing20200922-4-kcbflo.jpg,image/jpeg,"{\""identified\"":true,\""width\"":600,\""height\"":800,\""analyzed\"":true}",104219,lWZDrQIChSjYZWhiqxNU7A==,2020-09-22 21:13:11,dev
129,131,xa6ixpj5b8cflf1usot0stjxel80,image_processing20200922-4-puy5aw.jpg,image/jpeg,"{\""identified\"":true,\""width\"":600,\""height\"":800,\""analyzed\"":true}",102600,hLu2yJjsm0YyUA2LsXFvKg==,2020-09-22 21:15:25,dev
130,132,k6ew7uq79o40z6lpoyy5zk6nk9cc,image_processing20200922-4-17ylip4.jpg,image/jpeg,"{\""identified\"":true,\""width\"":600,\""height\"":800,\""analyzed\"":true}",99193,RALuMOEPQpYvrpC6sTQ3Og==,2020-09-22 21:37:19,dev
131,133,cjw5s7vfuhx8bz854xu4v3h1r1s4,image_processing20200922-4-10l2rmu.jpg,image/jpeg,"{\""identified\"":true,\""width\"":600,\""height\"":800,\""analyzed\"":true}",102851,l55G5TK22rdKivAkhkQc8A==,2020-09-22 21:39:24,dev
132,134,zvf76tn37fift8dv5hiyda45h79e,image_processing20200922-4-v0kf69.jpg,image/jpeg,"{\""identified\"":true,\""width\"":600,\""height\"":800,\""analyzed\"":true}",79688,cuPP1GBkXQ5OYjDl4OgJoA==,2020-09-22 22:42:14,dev
133,135,95tthwthzlooq5vo26sp8el4tpb7,image_processing20200922-4-ga4gp2.jpg,image/jpeg,"{\""identified\"":true,\""width\"":600,\""height\"":800,\""analyzed\"":true}",86234,Y6/p9+xbgOOj3V0xS7bBkA==,2020-09-22 22:43:50,dev
134,136,y22shlcrcmlyuk4meyw1rx54wp1j,image_processing20200922-4-jmmzg4.jpg,image/jpeg,"{\""identified\"":true,\""width\"":600,\""height\"":800,\""analyzed\"":true}",80307,FB4wWpVJYGa95HeY/2ZxvA==,2020-09-22 22:45:58,dev
135,137,s3mnrxwzbxkqrzlb1ykaaqvw3bsi,image_processing20200922-4-8etdho.jpg,image/jpeg,"{\""identified\"":true,\""width\"":600,\""height\"":800,\""analyzed\"":true}",88726,Q0n2a04vJSFFDn7xupDU5g==,2020-09-22 22:48:13,dev
136,138,scon960ec9iay1ntlf9m0ng4s1zx,image_processing20200922-4-1i2n9w3.jpg,image/jpeg,"{\""identified\"":true,\""width\"":600,\""height\"":800,\""analyzed\"":true}",88468,426FaonpSpsNUv3s9g2lUg==,2020-09-22 22:50:19,dev
137,139,qu35p92wzchl755e9u9ifcx09wae,image_processing20200922-4-18eza7h.jpg,image/jpeg,"{\""identified\"":true,\""width\"":600,\""height\"":800,\""analyzed\"":true}",72746,imHbWRtA3n7t4YcFc9ee3g==,2020-09-22 22:56:56,dev
138,140,9jukeagpvwiofo9bfrimg2mdshhs,image_processing20200922-4-108b6dn.jpg,image/jpeg,"{\""identified\"":true,\""width\"":600,\""height\"":800,\""analyzed\"":true}",124171,v1HHdy6xUGzpgACk7r+h2Q==,2020-09-22 22:59:17,dev
139,141,1sys7wn1cz4olhkolyem0tg0hig0,image_processing20201028-4-o4z7el.jpg,image/jpeg,"{\""identified\"":true,\""width\"":600,\""height\"":800,\""analyzed\"":true}",102552,/ZUvAOk4jt7hpZgPpKAizQ==,2020-10-28 20:05:47,dev
140,142,2fdh4fzfqc1kbfanv8pxkujrujnn,image_processing20201028-4-1v2qiau.jpg,image/jpeg,"{\""identified\"":true,\""width\"":600,\""height\"":800,\""analyzed\"":true}",106973,53vL4Jdio5HfCva3XmlSGA==,2020-10-28 20:08:17,dev
141,143,mbejwv4sizzbjnfdn6223pz9ej39,image_processing20201028-4-1yz02h5.jpg,image/jpeg,"{\""identified\"":true,\""width\"":600,\""height\"":800,\""analyzed\"":true}",96016,4u4uPFnzn/VsKCHhcToWoA==,2020-10-28 20:09:30,dev
142,144,ib3tbimrr4epnei3mupvrrzdm3k6,image_processing20201028-4-1v9tbv6.jpg,image/jpeg,"{\""identified\"":true,\""width\"":600,\""height\"":800,\""analyzed\"":true}",100841,WBPwBzUr/eDecwSu6KEguA==,2020-10-28 20:13:22,dev
143,145,hg4wzgiv8g1oojsijrh0vv85vjyt,image_processing20201028-4-12icm8s.jpg,image/jpeg,"{\""identified\"":true,\""width\"":600,\""height\"":800,\""analyzed\"":true}",104535,Xtt8PoGkPdNZbdc5/d8HHQ==,2020-10-28 20:15:06,dev
144,146,omixvbuyoz45gl0zdysohvfuexhs,image_processing20201028-4-21esx6.jpg,image/jpeg,"{\""identified\"":true,\""width\"":600,\""height\"":800,\""analyzed\"":true}",108934,tzI3OjT+RRUU1B0G1MFCbA==,2020-10-28 20:16:46,dev
145,147,d7cxzijn7t1qh150fwrv323bsotz,image_processing20201028-4-ig2mxz.jpg,image/jpeg,"{\""identified\"":true,\""width\"":600,\""height\"":800,\""analyzed\"":true}",105888,2i2Pyplb87iN/wfZC3DuZw==,2020-10-28 20:21:30,dev
146,148,qvjgic6qt2s5l7ck57zgfvntnu1m,image_processing20201029-4-sgyfzi.jpg,image/jpeg,"{\""identified\"":true,\""width\"":600,\""height\"":800,\""analyzed\"":true}",81479,Avdv1LCf3ji2pO29GuVqvw==,2020-10-29 00:16:50,dev
147,149,16gjsfievkak7umnw78341en41qs,image_processing20201029-4-aynyp9.jpg,image/jpeg,"{\""identified\"":true,\""width\"":600,\""height\"":800,\""analyzed\"":true}",80311,cZlY9AXo0nucO3WUKIGr7A==,2020-10-29 00:18:38,dev
148,150,si0krhnp7rjefzozayi7csx5sy4f,image_processing20201029-4-wrcbdr.jpg,image/jpeg,"{\""identified\"":true,\""width\"":600,\""height\"":800,\""analyzed\"":true}",79467,wgOA/zYEvuCNWCCGjdIdcw==,2020-10-29 02:09:34,dev
149,151,icfhhasxjexe5vuewe9hyrn7mrwm,image_processing20201029-4-1j7k9u0.jpg,image/jpeg,"{\""identified\"":true,\""width\"":600,\""height\"":800,\""analyzed\"":true}",73613,zP4pVIlLUz6nH86w1De2mg==,2020-10-29 02:10:27,dev
150,152,mhpcu9kgicon0es2c8k47b5jtzw8,image_processing20201029-4-igi3nw.jpg,image/jpeg,"{\""identified\"":true,\""width\"":600,\""height\"":800,\""analyzed\"":true}",78852,9C2Q3VHtH1CggCtAuYAauA==,2020-10-29 02:12:27,dev
151,153,nlokp10di4q8bgeor19rk2z2mt7h,image_processing20201029-4-1jeniiw.jpg,image/jpeg,"{\""identified\"":true,\""width\"":600,\""height\"":800,\""analyzed\"":true}",79454,b8DUr2f4n5BimoyINmppZA==,2020-10-29 02:16:37,dev
152,154,apgkizvx4t04dvniqt4jbgvzykig,image_processing20201029-4-1thlsk9.jpg,image/jpeg,"{\""identified\"":true,\""width\"":600,\""height\"":800,\""analyzed\"":true}",84446,unDf68unyCsXsTd1QGm9UQ==,2020-10-29 02:19:36,dev
153,155,kjcxvzlrsu2y5rk6rmcgtny1tiuc,image_processing20201029-4-lslifl.jpg,image/jpeg,"{\""identified\"":true,\""width\"":600,\""height\"":800,\""analyzed\"":true}",76464,faiW9OlNvtbT/gLCC0QQog==,2020-10-29 02:21:08,dev
154,156,7k5mribd25i059ru4ce98ovb4pov,image_processing20201111-4-1abk0j1.jpg,image/jpeg,"{\""identified\"":true,\""width\"":600,\""height\"":800,\""analyzed\"":true}",72181,k6sjPhspypv95JcgLzsmEA==,2020-11-11 03:07:13,dev
155,157,z8denvh64swcvngr38yq0k4006wx,image_processing20201111-4-lzmd3y.jpg,image/jpeg,"{\""identified\"":true,\""width\"":600,\""height\"":800,\""analyzed\"":true}",74277,H5vj18ZqGECnUJ9sfQ4MHA==,2020-11-11 03:19:09,dev
156,158,us9l797vxjc72bacgdsfwk90uwy3,image_processing20201111-4-76ndux.jpg,image/jpeg,"{\""identified\"":true,\""width\"":600,\""height\"":800,\""analyzed\"":true}",78547,F6qH8UrWDnZqm0QGBFMVEg==,2020-11-11 03:20:26,dev
157,159,z2iibtsjcg4yt8sry0bqu73vpv6c,image_processing20201111-4-1j32p7b.jpg,image/jpeg,"{\""identified\"":true,\""width\"":600,\""height\"":800,\""analyzed\"":true}",74470,oXt0za/D3el6jTNWVEIvRg==,2020-11-11 03:21:34,dev
158,160,23pncgafkvsbhgd8w3v61n6ykeq0,image_processing20210221-4-1vycvux.jpg,image/jpeg,"{\""identified\"":true,\""width\"":600,\""height\"":800,\""analyzed\"":true}",100952,SR3F8IzNVcPIIlmYNxJk5A==,2021-02-21 18:46:20,dev
159,161,hi3wtr7pg2e5ohxgqgxejs06iv66,image_processing20210221-4-dtmx1p.jpg,image/jpeg,"{\""identified\"":true,\""width\"":600,\""height\"":800,\""analyzed\"":true}",94528,Lx4sF9EWZcS/3b37e+d0bA==,2021-02-21 19:16:56,dev
160,162,l1lglganvp1gam3vir6fqvuclig1,image_processing20210221-4-rfe93.jpg,image/jpeg,"{\""identified\"":true,\""width\"":600,\""height\"":800,\""analyzed\"":true}",99139,XWrBVE98hCUpLjFrttVFRA==,2021-02-21 19:18:45,dev
161,163,wafnhqi2octu486heyaweq7l810z,image_processing20210221-4-uoh42q.jpg,image/jpeg,"{\""identified\"":true,\""width\"":600,\""height\"":800,\""analyzed\"":true}",108733,m/pr1mzMZgHwB4zLC+IBFw==,2021-02-21 19:22:57,dev
162,164,yh35exvypztn5dqkib8icdbhux2i,image_processing20210221-4-1cyey2h.jpg,image/jpeg,"{\""identified\"":true,\""width\"":600,\""height\"":800,\""analyzed\"":true}",106123,DsgptzTx7f3BsrL6Ss2sMA==,2021-02-21 19:33:40,dev
163,165,ltiv2akxftbu33sgfv5l2e809459,image_processing20210221-4-1040oen.jpg,image/jpeg,"{\""identified\"":true,\""width\"":600,\""height\"":800,\""analyzed\"":true}",115130,ceOsdZZcC5FEAMly5TfTcQ==,2021-02-21 19:36:37,dev
164,166,2c0z6cv8k633nrxjas44bdzng8ni,image_processing20210221-4-go4ep7.jpg,image/jpeg,"{\""identified\"":true,\""width\"":600,\""height\"":800,\""analyzed\"":true}",100641,hDT94ysnS5QrCfercogpZQ==,2021-02-21 19:59:17,dev
165,167,p91xhb1fbo11md8hpjsqz5mr4s53,image_processing20210221-4-1cvsikk.jpg,image/jpeg,"{\""identified\"":true,\""width\"":600,\""height\"":800,\""analyzed\"":true}",98008,1IVEbRWjdIUQZUUj6agJiA==,2021-02-21 20:15:37,dev
166,168,xp56412sc8vhom05aqdf7v23vvbc,image_processing20210221-4-1b76m6s.jpg,image/jpeg,"{\""identified\"":true,\""width\"":600,\""height\"":800,\""analyzed\"":true}",106927,BU8L8+8ObIDaUeK0zjp7VA==,2021-02-21 20:23:19,dev
167,169,b92eq2navl3zhx5ho5uz5gjqmviv,image_processing20210221-4-1wgh86o.jpg,image/jpeg,"{\""identified\"":true,\""width\"":600,\""height\"":800,\""analyzed\"":true}",98486,ggXrN1Zyx/lCrosvEYlclg==,2021-02-21 20:37:07,dev
168,170,hki6fscq7vsiaa2qzlmucuzipsvy,image_processing20210221-4-1loi6gy.jpg,image/jpeg,"{\""identified\"":true,\""width\"":600,\""height\"":800,\""analyzed\"":true}",111040,ETA5HZiCcMWGhgbsPh9TSA==,2021-02-21 21:34:24,dev
169,171,k2ejbrq2wtrw25dlhiktbuyz5j2w,image_processing20210221-4-10xcs44.jpg,image/jpeg,"{\""identified\"":true,\""width\"":600,\""height\"":800,\""analyzed\"":true}",96964,Cw35K3rDKarK5wBJ4fBdQw==,2021-02-21 21:39:27,dev
170,172,hs8q2mdreetiybczio1jpdfdzg1e,image_processing20210221-4-uvz26e.jpg,image/jpeg,"{\""identified\"":true,\""width\"":600,\""height\"":800,\""analyzed\"":true}",112738,heYgDAFJPjLpMQJInisNsg==,2021-02-21 21:41:12,dev
171,173,5ygpcxhu3wwoigfgh3mafyjlbjo9,image_processing20210221-4-1owi5rf.jpg,image/jpeg,"{\""identified\"":true,\""width\"":600,\""height\"":800,\""analyzed\"":true}",106525,/T8Zwj4UsjmDLyDS70/b/w==,2021-02-21 21:43:04,dev
172,174,6oeyd715eifk3pv02umnf4m369dy,image_processing20210221-4-1ibzyl3.jpg,image/jpeg,"{\""identified\"":true,\""width\"":600,\""height\"":800,\""analyzed\"":true}",111649,YSFIUhl0PS5QUT7vsw5zgg==,2021-02-21 22:22:42,dev
173,175,p6dwf69v76klj24qycla60ocl230,image_processing20210221-4-19bgobv.jpg,image/jpeg,"{\""identified\"":true,\""width\"":600,\""height\"":800,\""analyzed\"":true}",142962,C9foqApoJsnFr6HKel8ZbA==,2021-02-21 22:37:57,dev
174,176,ij15dwe7eg8co1k3f60utacmpfqp,image_processing20210227-4-17p1jxu.jpg,image/jpeg,"{\""identified\"":true,\""width\"":600,\""height\"":800,\""analyzed\"":true}",93058,tNOZAZxqaNu7mSHaHkKZPQ==,2021-02-27 17:21:10,dev
175,177,6e02b4gvxt7z35xd69v49hjkbkd8,image_processing20210227-4-1a5xy39.jpg,image/jpeg,"{\""identified\"":true,\""width\"":600,\""height\"":800,\""analyzed\"":true}",99030,blWwLep1ptFZJBrpeN9hIA==,2021-02-27 17:23:05,dev
176,178,0wjne9nxzjixiavfuz8ngf62e1hw,image_processing20210227-4-1r1et95.jpg,image/jpeg,"{\""identified\"":true,\""width\"":600,\""height\"":800,\""analyzed\"":true}",98177,um6HGsssgQLzpXijvfAWkQ==,2021-02-27 17:27:06,dev
177,179,m7oal1kotmdw4ogd5lzj0vqxlp88,image_processing20210314-4-voinn4.jpg,image/jpeg,"{\""identified\"":true,\""width\"":600,\""height\"":800,\""analyzed\"":true}",102523,2SlDYgT9tEKA8oXE7M7Vhw==,2021-03-14 00:27:14,dev
178,180,9t4hs3ara5c10af8qdx8bzjfw9gb,image_processing20210314-4-zj3356.jpg,image/jpeg,"{\""identified\"":true,\""width\"":600,\""height\"":800,\""analyzed\"":true}",111146,HN69zwOrOX+cIjL9H84HhQ==,2021-03-14 00:29:13,dev
179,181,jo7d8e8ri8re75apl94mxz4fymhv,image_processing20210314-4-aqenw7.jpg,image/jpeg,"{\""identified\"":true,\""width\"":600,\""height\"":800,\""analyzed\"":true}",108882,zjvYMO8gtePiT5cjKrOhww==,2021-03-14 00:34:05,dev
180,182,m1fty7vakndym6yim30wndqlrolo,image_processing20210314-4-179ctiv.jpg,image/jpeg,"{\""identified\"":true,\""width\"":600,\""height\"":800,\""analyzed\"":true}",103754,ImTNbvPQe85GL4OhTYIEHQ==,2021-03-14 00:36:09,dev
181,183,9ur8vgrfdh2p8uxn65git7ys02z7,image_processing20210314-4-1thx40v.jpg,image/jpeg,"{\""identified\"":true,\""width\"":600,\""height\"":800,\""analyzed\"":true}",102963,s1RlMQYxlmrGMVgug8sEDw==,2021-03-14 00:37:08,dev
182,184,du37vrmcxuogsgn2llulbclx1ihb,image_processing20210314-4-1ve5shb.jpg,image/jpeg,"{\""identified\"":true,\""width\"":600,\""height\"":800,\""analyzed\"":true}",100645,Qznzcf2MYl8iNSDKpdGuGA==,2021-03-14 00:38:18,dev
183,185,7e95sx53kb0kl9x15u35tylil225,image_processing20210314-4-hd9s91.jpg,image/jpeg,"{\""identified\"":true,\""width\"":600,\""height\"":800,\""analyzed\"":true}",108649,lY+C9pMRb5hjkTsgzZ2t0A==,2021-03-14 00:39:39,dev
184,186,kzy0mcopdhywl5uki3srgiawz2iy,image_processing20210314-4-1m8x74m.jpg,image/jpeg,"{\""identified\"":true,\""width\"":600,\""height\"":800,\""analyzed\"":true}",108466,KrQeSYU56mt80cY9iLbB7w==,2021-03-14 00:40:51,dev
185,187,eogj0nbs8h162ztkbbaxtiscwoa3,image_processing20210314-4-sptd1i.jpg,image/jpeg,"{\""identified\"":true,\""width\"":600,\""height\"":800,\""analyzed\"":true}",110216,+DjafeaI5H2xeYokqK73pQ==,2021-03-14 00:41:45,dev
186,188,eu60o481di1wztiwmtbi2tdoi2ns,image_processing20210314-4-qvb6hz.jpg,image/jpeg,"{\""identified\"":true,\""width\"":600,\""height\"":800,\""analyzed\"":true}",114152,bONTqlroevJRHxAxUzTYVQ==,2021-03-14 00:42:47,dev
187,189,33nmaixgd73r3i6ahohz0qadgwv6,image_processing20210314-4-25c4r9.jpg,image/jpeg,"{\""identified\"":true,\""width\"":600,\""height\"":800,\""analyzed\"":true}",105647,KNjPmMcbRVLXOflIZ1Oplw==,2021-03-14 02:00:55,dev
188,190,in2acvnr8kysa2ywg26kjvhu8jpi,image_processing20210318-4-ddm6np.jpg,image/jpeg,"{\""identified\"":true,\""width\"":600,\""height\"":800,\""analyzed\"":true}",99003,lZxz/gNadgEAITkXmwhisw==,2021-03-18 20:23:48,dev
189,191,jnut7z9jblbuy9lf3nr416nd2sdq,image_processing20210318-4-6tjtjv.jpg,image/jpeg,"{\""identified\"":true,\""width\"":600,\""height\"":800,\""analyzed\"":true}",100245,yyCIgyl+Sj0lrGz01psD3Q==,2021-03-18 20:26:11,dev
190,192,mhhug9s3wepyse269o9e2kpkoebv,image_processing20210318-4-4qqaic.jpg,image/jpeg,"{\""identified\"":true,\""width\"":600,\""height\"":800,\""analyzed\"":true}",108005,npEopWuZ9LjYKTOiBDjHrA==,2021-03-18 20:27:10,dev
191,193,n429nvsrjqf8kkfhms0psab9yjz6,image_processing20210318-4-roro3r.jpg,image/jpeg,"{\""identified\"":true,\""width\"":600,\""height\"":800,\""analyzed\"":true}",141435,vhiKtxTqLYT1WnJcSLgIBg==,2021-03-18 20:33:19,dev
192,194,pz4uanwlb6o26vkkcv36rbz4q1wt,image_processing20210318-4-gof289.jpg,image/jpeg,"{\""identified\"":true,\""width\"":600,\""height\"":800,\""analyzed\"":true}",114143,r6ulb/6aZ9G7WYCqBHk85Q==,2021-03-18 20:37:35,dev
193,195,k0hdkqpkwis3e9mx2hjeo53ghbk4,image_processing20210318-4-10nf7yl.jpg,image/jpeg,"{\""identified\"":true,\""width\"":600,\""height\"":800,\""analyzed\"":true}",109539,haNWHg5Tewavpn29/KoA1Q==,2021-03-18 20:38:44,dev
194,196,50uqxjttv1w3sm5pkeo21p5a50zh,image_processing20210321-4-1uq63th.jpg,image/jpeg,"{\""identified\"":true,\""width\"":600,\""height\"":800,\""analyzed\"":true}",98086,in5JzA8wBrjhdyyWuJvM6Q==,2021-03-21 15:16:38,dev
195,197,oshhlj2j948zqqk4rp7kdch1t0n4,image_processing20210321-4-1k4yyol.jpg,image/jpeg,"{\""identified\"":true,\""width\"":600,\""height\"":800,\""analyzed\"":true}",110321,bwYXPd1z+eCcHUL2anNpEw==,2021-03-21 15:19:39,dev
196,198,tic1c2px8q60u06csie0p11ir5jc,image_processing20210321-4-12981ao.jpg,image/jpeg,"{\""identified\"":true,\""width\"":600,\""height\"":800,\""analyzed\"":true}",98846,xTxI8TxS+clJ3gaM7va5ng==,2021-03-21 15:21:12,dev
197,199,fpafd8ji24ewryrez7h8hvsrx66k,image_processing20210321-4-3xq2jx.jpg,image/jpeg,"{\""identified\"":true,\""width\"":600,\""height\"":800,\""analyzed\"":true}",93817,M5bI7FSb2VEt1uhUXWvZgA==,2021-03-21 19:49:17,dev
198,200,kbppc14dtqmpz7cgigtmp4vnajxa,image_processing20210321-4-t4cr10.jpg,image/jpeg,"{\""identified\"":true,\""width\"":600,\""height\"":800,\""analyzed\"":true}",113805,mbcS1ZWS8DnQkN/t7dxLbw==,2021-03-21 19:50:21,dev
199,201,c37eb4m2yq5fugg0n8wmi2645s9g,image_processing20210325-4-1qqgvfh.jpg,image/jpeg,"{\""identified\"":true,\""width\"":600,\""height\"":800,\""analyzed\"":true}",114685,kjuPH8Z79asIThMB+cE2uA==,2021-03-25 16:51:47,dev
200,202,aql0m8vjejooe95xxmwnguwaj2sv,image_processing20210325-4-1xr3h26.jpg,image/jpeg,"{\""identified\"":true,\""width\"":600,\""height\"":800,\""analyzed\"":true}",98251,Vy1Keofhf867hObOD9sqAw==,2021-03-25 16:53:19,dev
201,203,h5j2qlny2fwa4wqx6qw3c5nnuzpk,image_processing20210325-4-k85rgr.jpg,image/jpeg,"{\""identified\"":true,\""width\"":600,\""height\"":800,\""analyzed\"":true}",132454,a8Bo87CAA0xgc8FTpJbGRw==,2021-03-25 17:03:56,dev
202,204,rxnkcgu11rwdsulmj3khbrpbddi6,image_processing20210410-4-n9cd5x.jpg,image/jpeg,"{\""identified\"":true,\""width\"":600,\""height\"":800,\""analyzed\"":true}",98855,laq1aApB6z0IHh2CBj3Sjw==,2021-04-10 20:41:44,dev
203,205,99vxr1pwxubbxfmhf0sfq01ufctx,image_processing20210410-4-e4op5z.jpg,image/jpeg,"{\""identified\"":true,\""width\"":600,\""height\"":800,\""analyzed\"":true}",99506,weNXskGjP07YHftUP0sqvg==,2021-04-10 20:42:51,dev
204,206,yazofgvoo38j52y42a6xeqgztkf5,image_processing20210410-4-1on7vz7.jpg,image/jpeg,"{\""identified\"":true,\""width\"":600,\""height\"":800,\""analyzed\"":true}",100285,hTULsgqfogPtUYc91FkmbQ==,2021-04-10 20:43:59,dev
205,207,hnv0thnq65sogscfrnwtzrosj3ds,image_processing20210410-4-mf2bbf.jpg,image/jpeg,"{\""identified\"":true,\""width\"":600,\""height\"":800,\""analyzed\"":true}",100849,rCAIEr2STDEFbtk7lKG/lg==,2021-04-10 20:45:00,dev
206,208,4f22lf4d6a636jylfdzdvkc2xg06,image_processing20210410-4-1snjvnd.jpg,image/jpeg,"{\""identified\"":true,\""width\"":600,\""height\"":800,\""analyzed\"":true}",101111,1lquOGuiJRPQcFRyGl3L8A==,2021-04-10 20:46:06,dev
207,209,rcmvm5623i713at1orgdndgm8g5l,image_processing20210410-4-r9fbcc.jpg,image/jpeg,"{\""identified\"":true,\""width\"":600,\""height\"":800,\""analyzed\"":true}",108592,vFJ1CQamQmCryhPDyHL8rQ==,2021-04-10 20:47:01,dev
208,210,9yw2oexqtqsct3ahzroqrxl1l1uz,image_processing20210411-4-1ht1ha0.jpg,image/jpeg,"{\""identified\"":true,\""width\"":600,\""height\"":800,\""analyzed\"":true}",103288,V3gJ3gcoAT813w2KqJocVg==,2021-04-11 14:09:41,dev
209,211,jc5vimkh4f6vfxcoenti0b04qlrh,image_processing20210411-4-wvmrdu.jpg,image/jpeg,"{\""identified\"":true,\""width\"":600,\""height\"":800,\""analyzed\"":true}",110360,XnZcEtBgTeJTRtzBqpMoxA==,2021-04-11 19:02:38,dev
210,212,me16qm08ig1qzch520rtgc6fzm73,image_processing20210413-4-184zkpj.jpg,image/jpeg,"{\""identified\"":true,\""width\"":600,\""height\"":800,\""analyzed\"":true}",113674,k4KSbBg63JOWyIfbHwl6NQ==,2021-04-13 04:00:33,dev
211,213,vjv6ht9s9hestd0f251l7abofjsy,image_processing20210414-4-1ehk7no.jpg,image/jpeg,"{\""identified\"":true,\""width\"":600,\""height\"":800,\""analyzed\"":true}",105172,w4uFq5EjlyEpy7Xt6hhGQw==,2021-04-14 14:33:28,dev
212,214,l9xb1zzhizauonu6ot586kfg1l8z,image_processing20210414-4-7b2y5r.jpg,image/jpeg,"{\""identified\"":true,\""width\"":600,\""height\"":800,\""analyzed\"":true}",115696,OPkthJrIq2JigKVxv4EXDg==,2021-04-14 18:53:23,dev
213,215,5d3u7vlpt7pkf0hyyh89ytmuihz0,image_processing20210427-4-2zqpuw.jpg,image/jpeg,"{\""identified\"":true,\""width\"":600,\""height\"":800,\""analyzed\"":true}",105677,j09X4StJOSp0LAPH5aEppQ==,2021-04-27 17:11:36,dev
214,216,vu7e3wpfk2ojfev1l5ucn5pe66af,image_processing20210428-4-rbb67.jpg,image/jpeg,"{\""identified\"":true,\""width\"":600,\""height\"":800,\""analyzed\"":true}",95521,WkRVLNijMPAD+5gqgJX7JQ==,2021-04-28 17:18:15,dev
215,217,3zl8v5w0mch7j7i9stwcendjrxup,image_processing20210428-4-6xz09d.jpg,image/jpeg,"{\""identified\"":true,\""width\"":600,\""height\"":800,\""analyzed\"":true}",107435,IVbHNOmunA5vTsPN/RGiyA==,2021-04-28 19:10:43,dev
216,218,fj8adkdf41zmtqsy5vqbgbn3lkzr,image_processing20210430-4-qqzjoo.jpg,image/jpeg,"{\""identified\"":true,\""width\"":600,\""height\"":800,\""analyzed\"":true}",133661,lHVExtDX7etxaJLbpQL1tw==,2021-04-30 13:02:12,dev
217,219,56shnsa0bv50tybhhv3fyjjttg9c,image_processing20210502-4-j9v85i.jpg,image/jpeg,"{\""identified\"":true,\""width\"":600,\""height\"":800,\""analyzed\"":true}",102312,OmhfTrMOHSKgbor3wADm1g==,2021-05-02 16:46:57,dev
218,220,yjkayivznbnogl2qzkawbm83aco8,image_processing20210502-4-x184sp.jpg,image/jpeg,"{\""identified\"":true,\""width\"":600,\""height\"":800,\""analyzed\"":true}",100958,Xyga6YD1sDJkeifKtbh6nw==,2021-05-02 16:47:55,dev
219,221,ok8dtkvxik4tcjwixurzcwnxezm9,image_processing20210502-4-10e53m5.jpg,image/jpeg,"{\""identified\"":true,\""width\"":600,\""height\"":800,\""analyzed\"":true}",106045,Bjwb9hHzUbYdkNT2lp83eA==,2021-05-02 16:48:59,dev
220,222,ulldmbkmebw6nw0hhl2fjv52n46h,image_processing20210504-4-a266xu.jpg,image/jpeg,"{\""identified\"":true,\""width\"":600,\""height\"":800,\""analyzed\"":true}",96073,5ltS2ix+5XF/lRVruF6c0w==,2021-05-04 12:28:48,dev
221,223,6e1tqp3kuwecneno0bbbxy6h6jat,image_processing20210508-4-18cltbh.jpg,image/jpeg,"{\""identified\"":true,\""width\"":600,\""height\"":800,\""analyzed\"":true}",90321,+84FMmH9h9dR7Mrj0qMBjw==,2021-05-08 17:25:16,dev
222,226,n92q1qbop3xyw2tbx9c13d1mp0w6,image_processing20210511-4-1w5xumk.jpg,image/jpeg,"{\""identified\"":true,\""width\"":600,\""height\"":800,\""analyzed\"":true}",102220,nVC4Xid6giJfvpd/T4AS3Q==,2021-05-11 18:28:24,dev
223,227,1fue6yn65hdau7qijnkncv6smtpz,image_processing20210511-4-ooakn8.jpg,image/jpeg,"{\""identified\"":true,\""width\"":600,\""height\"":800,\""analyzed\"":true}",105552,znvlbBYEKeu4CFSt2AQ/LQ==,2021-05-11 18:31:31,dev
224,228,fyk9dpiwtlsogjfxt6kdkgpj1utn,image_processing20210512-4-o6eoec.jpg,image/jpeg,"{\""identified\"":true,\""width\"":600,\""height\"":800,\""analyzed\"":true}",104273,2jdgT1ihoyJHOu75DEgNGA==,2021-05-12 16:41:11,dev
225,229,2pbpv844bzs310zgwu4hvi3h3i1n,image_processing20210513-4-ddbduf.jpg,image/jpeg,"{\""identified\"":true,\""width\"":600,\""height\"":800,\""analyzed\"":true}",107062,z0nlopGwFQBw26tLhv/XjA==,2021-05-13 11:46:26,dev
226,230,gsic674yec4rztimqmx5vto63lu3,image_processing20210513-4-1ixq9fm.jpg,image/jpeg,"{\""identified\"":true,\""width\"":600,\""height\"":800,\""analyzed\"":true}",104322,Uy/cgTT9Lw7TOPLQe5ElrA==,2021-05-13 13:50:10,dev
227,231,gc51nkl279j4eqjwc1om5qy39xt3,image_processing20210513-4-1lcgg3v.jpg,image/jpeg,"{\""identified\"":true,\""width\"":600,\""height\"":800,\""analyzed\"":true}",98887,dJbtTnbUU1FepL85pCWX4A==,2021-05-13 13:50:55,dev
228,232,0ltgd6r8mxjrg874lblyejqhivz6,image_processing20210513-4-nfqv1f.jpg,image/jpeg,"{\""identified\"":true,\""width\"":600,\""height\"":800,\""analyzed\"":true}",99748,cIxno/ENTH5Q0HU6xwc2Ow==,2021-05-13 13:52:02,dev
