,id,topic,description,link,source,group_option,individual_count,start_date,end_date,created_at,updated_at,active,course_id,project_id,lead_time,group_discount,reviewed,instructor_notified,students_notified,anon_topic,size
0,2,Specialized Cloud Mechanisms,,,,1.0,10,2017-02-26 06:00:00,2017-05-10 14:59:59,2017-04-29 06:24:46,2019-05-18 12:47:54,1,2,4.0,1,37.0,1.0,1,1,Meevee in the news with a novice Staff Accountant III,5
1,3,Cloud Management Mechanisms,,,,1.0,10,2017-02-26 06:00:00,2017-05-08 14:59:59,2017-04-29 16:12:54,2019-05-18 12:47:54,1,2,4.0,1,37.0,1.0,1,1,Meemm in the news with a novice Research Nurse,5
2,4,Dollars and Cents,,,,1.0,10,2017-02-26 06:00:00,2017-05-15 14:59:59,2017-05-11 06:11:55,2019-05-18 12:47:54,1,2,4.0,1,37.0,1.0,1,1,Eidel and Food Pyramids - for the Assistant Manager,5
3,5,Delivery considerations,,,,1.0,10,2017-02-26 06:00:00,2017-05-24 14:59:59,2017-05-11 06:13:46,2019-05-18 12:47:54,1,2,4.0,1,37.0,1.0,1,1,Gabcube in the news with a novice Engineer III,5
4,6,Security revisited,,,,1.0,10,2017-02-26 06:00:00,2017-05-22 14:59:59,2017-05-11 06:18:54,2019-05-18 12:47:54,1,2,4.0,1,37.0,1.0,1,1,Flashset basics for a Staff Scientist,5
5,7,Buying and Selling,,,,1.0,10,2017-02-26 06:00:00,2017-05-29 14:59:59,2017-05-11 06:20:57,2019-05-18 12:47:54,1,2,4.0,1,37.0,1.0,1,1,Jetwire and Food Pyramids - for the Physical Therapy Assistant,5
6,8,Policy and Law,,,,1.0,10,2017-02-26 06:00:00,2017-05-22 14:59:59,2017-05-11 06:32:06,2019-05-18 12:47:54,1,3,5.0,1,37.0,1.0,1,1,Aibox in the news with a novice Structural Engineer,5
7,9,Stakeholders,,,,1.0,10,2017-02-26 06:00:00,2017-05-24 14:59:59,2017-05-11 06:33:50,2019-05-18 12:47:54,1,3,5.0,1,37.0,1.0,1,1,Quinu in the news with a novice Senior Cost Accountant,5
8,10,Maintenance,,,,1.0,10,2017-02-26 06:00:00,2017-05-29 14:59:59,2017-05-11 06:35:41,2019-05-18 12:47:54,1,3,5.0,1,37.0,1.0,1,1,Realcube and Food Pyramids - for the Junior Executive,5
9,11,The PRInCiPleS Design Framework,"Blevis, E. (2013). The PRInCiPleS Design Framework. In Creativity and Rationale (pp. 143–169). http://doi.org/10.1007/978-1-4471-4111-2",,,0.0,10,2017-08-26 15:00:00,2017-09-05 14:59:59,2017-08-29 15:00:59,2019-05-18 12:47:54,1,7,,2,,1.0,1,1,Jaxnation and Food Pyramids - for the Statistician I,5
10,12,What is Application Software?,"Laudon & Laudon, Ch. 1 & 2",,,1.0,10,2017-08-26 15:00:00,2017-09-04 14:59:59,2017-08-29 15:10:42,2019-05-18 12:47:54,1,8,8.0,2,35.0,1.0,1,1,Eimbee in the news with a novice Account Representative I,5
11,13,What can I do with Data Science?,"<ul>\r\n<li>Lo, F. (2017). What is Data Science? What is analytics? What is a data scientist? Retrieved January 1, 2017, from <a href=https://datajobs.com/what-is-data-science>https://datajobs.com/what-is-data-science</a></li>\r\n<li>Dotsenko, S. (n.d.). How To Build A Career In Data Science. Retrieved January 1, 2017, from <a href=http://www.huffingtonpost.com/svetlana-dotsenko/how-to-build-a-career-in-_b_11247814.html>http://www.huffingtonpost.com/svetlana-dotsenko/how-to-build-a-career-in-_b_11247814.html</a></li>\r\n<li>1 episode of <a href=https://fivethirtyeight.com/tag/whats-the-point/>https://fivethirtyeight.com/tag/whats-the-point/</a></li>\r\n</ul>",,,0.0,10,2017-08-26 15:00:00,2017-09-04 14:59:59,2017-08-29 15:26:21,2019-05-18 12:47:54,1,9,,2,,1.0,1,1,Janyx basics for a Media Manager I,5
12,14,What makes a good team?,"Modell, M. G. (2013). Iterating over a method and tool to facilitate equitable assessment of group work. International Journal of Designs for Learning, 4(1), 39–53.",,,0.0,10,2017-08-26 15:00:00,2017-09-11 14:59:59,2017-09-06 13:51:54,2019-05-18 12:47:54,1,7,,2,,1.0,1,1,Skivee and Food Pyramids - for the Community Outreach Specialist,5
13,15,Understanding the problem,"<ul>\r\n<li>Chilana, P. K., Ko, A. J., Wobbrock, J. O., Grossman, T., & Fitzmaurice, G. (2011). Post-Deployment Usability : A Survey of Current Practices. In CHI ’11 (pp. 2243–2246). Vancouver, BC, Canada.</li>\r\n<li>Pruitt, J., & Grudin, J. (2003). Personas: practice and theory. In Proceedings of the 2003 conference on Designing for user experiences - DUX ’03 (p. 1). New York, New York, USA: ACM Press. <a href=\""http://doi.org/10.1145/997078.997089\"">http://doi.org/10.1145/997078.997089</a></li>\r\n</ul>",,,0.0,10,2017-08-26 15:00:00,2017-09-13 14:59:59,2017-09-06 13:55:33,2019-05-18 12:47:54,1,7,,2,,1.0,1,1,Devify for an expert Senior Cost Accountant,5
14,16,Being useful,"<ul>\r\n<li>Bodker, S. (2000). Scenario in user-centred design-setting the stage for reflection and action. Interacting with Computers, 13(1), 61–75. <a href=\""http://doi.org/10.1016/S0953-5438(00)00024-2\"">http://doi.org/10.1016/S0953-5438(00)00024-2</a></li>\r\n<li><a href=\""https://cucumber.io/school\"">Behavior Driven Development video</a></li>\r\n</ul>",,,1.0,10,2017-08-26 15:00:00,2017-09-25 14:59:59,2017-09-06 13:59:35,2019-05-18 12:47:54,1,7,7.0,2,35.0,1.0,1,1,Demivee and Food Pyramids - for the Analog Circuit Design manager,5
15,17,Inverse Design Approach,"<p>One (or more) of the following:\r\n<ul>\r\n<li>Cross, N. (2007). Forty Years of Design Research. Design Research Quarterly, 2(1), 3–6. Retrieved from <a href=\""http://www.DesignResearchSociety.org\"">www.DesignResearchSociety.org</a></li>\r\n<li>Darke, J. (1979). The primary generator and the design process. Design Studies, 1(1), 36–44. Retrieved from <a href=\""http://www.sciencedirect.com/science/article/pii/0142694X79900279\"">http://www.sciencedirect.com/science/article/pii/0142694X79900279</a></li>\r\n<li>Schön, D. A. (1987). Educating the Reflective Practitioner. In American Educational Research Association. Washington, DC: Josey-Bass, Inc. Retrieved from <a href=\""http://educ.queensu.ca/~russellt/howteach/schon87.htm\"">http://educ.queensu.ca/~russellt/howteach/schon87.htm</a></li>\r\n</ul>\r\n</p>",,,1.0,10,2017-08-26 15:00:00,2017-09-27 14:59:59,2017-09-06 14:11:45,2019-05-18 12:47:54,1,7,7.0,2,35.0,1.0,1,1,Realfire basics for a Business Systems Development Analyst,5
16,18,Prototyping Tools,"<ul>\r\n<li>Boling, E., & Smith, K. M. (2008). Artifacts as Tools in the Design Process. In Handbook of research on educational communications and technology (Third, pp. 685–690). New York: Routledge. Retrieved from <a href=\""http://www.aect.org/edtech/edition3/ER5849x_C051.fm.pdf\"">http://www.aect.org/edtech/edition3/ER5849x_C051.fm.pdf</a></li>\r\n<li>\r\nRittel, H. W. J. (1987). The reasoning of designers. University of California, Berkeley,(nd), 1–9. Retrieved from <a href=\""http://code.arc.cmu.edu/~mdg/rittel-reasoning.pdf\"">http://code.arc.cmu.edu/~mdg/rittel-reasoning.pdf</a></li>\r\n</ul>",,,1.0,10,2017-08-26 15:00:00,2017-10-16 14:59:59,2017-09-06 14:17:36,2019-05-18 12:47:54,1,7,7.0,2,35.0,1.0,1,1,Meemm basics for a Budget/Accounting Analyst III,5
17,19,Distributed Cognition,"Hollan, J., Hutchins, E., & Kirsh, D. (2000). Distributed cognition: toward a new foundation for human-computer interaction research. ACM Transactions on Computer-Human Interaction, 7(2), 174–196. <a href=\""http://doi.org/10.1145/353485.353487\"">http://doi.org/10.1145/353485.353487</a>",,,1.0,10,2017-08-26 15:00:00,2017-10-18 14:59:59,2017-09-06 14:19:27,2019-05-18 12:47:54,1,7,7.0,2,35.0,1.0,1,1,Fliptune in the news with a novice Chief Design Engineer,5
18,20,Lenses,"<ul>\r\n<li>One method from: IDEO. (2009). Human-Centered Design Toolkit - A Free Toolkit for NGOs and Social Enterprise.</li>\r\n<li>Nielsen, J. (1995). Ten Usability Heuristics for Interface Design. Retrieved August 30, 2010, from <a href=\""http://www.useit.com/papers/heuristic/heuristic_list.html\"">http://www.useit.com/papers/heuristic/heuristic_list.html</a></li>\r\n</ul>",,,1.0,10,2017-08-26 15:00:00,2017-10-23 14:59:59,2017-09-06 14:22:46,2019-05-18 12:47:54,1,7,7.0,2,35.0,1.0,1,1,Camimbo and Food Pyramids - for the Account Coordinator,5
19,21,Appropriation,"Boling, E. (2010). The Need for Design Cases : Disseminating Design Knowledge. International Journal of Designs for Learning, 1(1), 1–8.",,,1.0,10,2017-08-26 15:00:00,2017-10-25 14:59:59,2017-09-06 14:24:56,2019-05-18 12:47:54,1,7,7.0,2,35.0,1.0,1,1,Thoughtbeat basics for a Office Assistant IV,5
20,22,Hidden Needs,"<ul>\r\n<li>Willey, K., & Gardner, A. (2009). Improving self-and peer assessment processes with technology. Campus-Wide Information Systems, 26(5), 379–399.</li>\r\n<li>Tucker, R. (2011). The architecture of peer assessment: do academically successful students make good teammates in design assignments? Assessment & Evaluation in Higher Education, 38(1), 74–84. <a href=\""http://doi.org/10.1080/02602938.2011.604122\"">http://doi.org/10.1080/02602938.2011.604122</a></li>\r\n</ul>",,,1.0,10,2017-08-26 15:00:00,2017-11-01 14:59:59,2017-09-06 14:28:08,2019-05-18 12:47:54,1,7,7.0,2,35.0,1.0,1,1,Quatz in the news with a novice Speech Pathologist,5
21,23,Participatory Design,"<ul>\r\n<li>Muller, M., Wildman, D., & White, E. (1993). Taxonomy of PD practices: A brief practitioner’s guide. Communications of the ACM, 36(4). Retrieved from <a href=\""http://www.public.iastate.edu/~rema/Dissertation Files/Articles_diss/ARTICLES_for_Lit_Rev/PD_muller.pdf\"">http://www.public.iastate.edu/~rema/Dissertation Files/Articles_diss/ARTICLES_for_Lit_Rev/PD_muller.pdf</a></li>\r\n<li>Kensing, F., & Blomberg, J. (1998). Participatory design: Issues and concerns. Computer Supported Cooperative Work (CSCW). Retrieved from <a href=\""http://www.springerlink.com/index/U0217104UN33633H.pdf\"">http://www.springerlink.com/index/U0217104UN33633H.pdf</a></li>\r\n</ul>",,,1.0,10,2017-08-26 15:00:00,2017-11-06 14:59:59,2017-09-06 14:32:38,2019-05-18 12:47:54,1,7,7.0,2,35.0,1.0,1,1,Tagfeed for an expert Account Coordinator,5
22,24,Activity Theory,"Nardi, B. A., & Kaptelinin, V. (2006). Activity Theory in a nutshell. In Acting with technology: Activity Theory and interaction design (pp. 29–73). Cambridge, MA: M.I.T. Press.",,,1.0,10,2017-08-26 15:00:00,2017-11-08 14:59:59,2017-09-06 14:33:57,2019-05-18 12:47:54,1,7,7.0,2,35.0,1.0,1,1,Thoughtblab and Food Pyramids - for the Cost Accountant,5
23,25,Space,"Harrison, S., & Dourish, P. (1996). Re-place-ing space: the roles of place and space in collaborative systems. Proceedings of the 1996 ACM Conference  …. Retrieved from <a href=\""http://portal.acm.org/citation.cfm?id=240193\"">http://portal.acm.org/citation.cfm?id=240193</a>",,,1.0,10,2017-08-26 15:00:00,2017-11-13 14:59:59,2017-09-06 14:36:18,2019-05-18 12:47:54,1,7,7.0,2,35.0,1.0,1,1,Shufflebeat basics for a Quality Control Specialist,5
24,26,Testing,"Sharma, K., Alavi, H. S., Jermann, P., & Dillenbourg, P. (2016). A Gaze-based Learning Analytics Model: In-Video Visual Feedback to Improve Learner’s Attention in MOOCs. In Proceedings of the Sixth International Conference on Learning Analytics & Knowledge - LAK ’16 (pp. 148–157). New York, New York, USA: ACM Press. Retrieved from <a href=\""http://dl.acm.org/citation.cfm?doid=2883851.2883927\"">http://dl.acm.org/citation.cfm?doid=2883851.2883927</a>",,,1.0,10,2017-08-26 15:00:00,2017-11-15 14:59:59,2017-09-06 14:38:18,2019-05-18 12:47:54,1,7,7.0,2,35.0,1.0,1,1,Buzzshare in the news with a novice Software Engineer II,5
25,27,Distance,"<ul>\r\n<li>Jarvenpaa, S. L., & Leidner, D. E. (1999). Communication and Trust in Global Virtual Teams. Organization Science, 10(6), 791–815. <a href=\""http://doi.org/10.1287/orsc.10.6.791\"">http://doi.org/10.1287/orsc.10.6.791</a></li>\r\n<li>Olson, G. M., & Olson, J. S. (2000). Distance Matters. Human-Computer Interaction, 15(2), 139–178.</li>\r\n</ul>",,,1.0,10,2017-08-26 15:00:00,2017-11-20 14:59:59,2017-09-06 14:40:41,2019-05-18 12:47:54,1,7,7.0,2,35.0,1.0,1,1,Skimia basics for a Senior Financial Analyst,5
26,28,Thinking Critically,"Grudin, J. (1988). Why CSCW applications fail: problems in the design and evaluationof organizational interfaces. …  Conference on Computer-Supported Cooperative Work. Retrieved from <a href=\""http://dl.acm.org/citation.cfm?id=62273\"">http://dl.acm.org/citation.cfm?id=62273</a>",,,1.0,10,2017-08-26 15:00:00,2017-11-22 14:59:59,2017-09-06 14:43:03,2019-05-18 12:47:54,1,7,7.0,2,35.0,1.0,1,1,Brainbox and Food Pyramids - for the Registered Nurse,5
27,29,What is HCI?,"<p>One of:\r\n<ul>\r\n<li>Fischer, G. (2005). Distances and diversity: sources for social creativity. Proceedings of the 5th Conference on Creativity & Cognition, 128–136. Retrieved from <a href=\""http://portal.acm.org/citation.cfm?id=1056243\"">http://portal.acm.org/citation.cfm?id=1056243</a></li>\r\n<li>(if you havent read it yet:) Rittel, H. W. J. (1987). The reasoning of designers. University of California, Berkeley,(nd), 1–9. Retrieved from <a href=\""http://code.arc.cmu.edu/~mdg/rittel-reasoning.pdf\"">http://code.arc.cmu.edu/~mdg/rittel-reasoning.pdf</a></li>\r\n<li>Cockton, G. (2008). Revisiting usability’s three key principles. In Proceeding of the twenty-sixth annual CHI conference extended abstracts on Human factors in computing systems - CHI ’08 (p. 2473). New York, New York, USA: ACM Press. <a href=\""http://doi.org/10.1145/1358628.1358704\"">http://doi.org/10.1145/1358628.1358704</a></li>\r\n</ul>\r\n</p>",,,1.0,10,2017-08-26 15:00:00,2017-11-27 14:59:59,2017-09-06 14:47:50,2019-05-18 12:47:54,1,7,7.0,2,35.0,1.0,1,1,Meetz basics for a Human Resources Manager,5
28,30,Futures of HCI,"One of:\r\n<ul>\r\n<li>Noz, F. (2011). Cat cat revolution: An interspecies gaming experience. Proceedings of the 2011 Annual Conference on Human Factors in Computing Systems, 2661–2664. Retrieved from <a href=\""http://dl.acm.org/citation.cfm?id=1979331\"">http://dl.acm.org/citation.cfm?id=1979331</a></li>\r\n<li>Picard, R. W. (1997). Affective computers. In Affective Computing (pp. 47–84). Cambridge, MA: M.I.T. Press.</li>\r\n</ul>",,,1.0,10,2017-08-26 15:00:00,2017-11-29 14:59:59,2017-09-06 14:51:11,2019-05-18 12:47:54,1,7,7.0,2,35.0,1.0,1,1,Janyx for an expert Developer I,5
29,31,What have we learned?,"Hagood, D., Ching, C. C., & Schaefer, S. (2016). Integrating physical activity data in videogames with user-centered dashboards. In Proceedings of the Sixth International Conference on Learning Analytics & Knowledge - LAK ’16 (Vol. 87, pp. 530–531). New York, New York, USA: ACM Press. <a href=\""http://doi.org/10.1145/2883851.2883958\"">http://doi.org/10.1145/2883851.2883958</a>",,,1.0,10,2017-08-26 15:00:00,2017-12-04 14:59:59,2017-09-06 14:53:00,2019-05-18 12:47:54,1,7,7.0,2,35.0,1.0,1,1,Viva in the news with a novice Geologist IV,5
30,32,Topic: Rails Lab - Getting Started with Custom Development,L&L Ch. 13 and 14,,,0.0,10,2017-08-26 15:00:00,2017-09-12 14:59:59,2017-09-06 15:01:02,2019-05-18 12:47:54,1,8,8.0,2,35.0,1.0,1,1,Kare in the news with a novice Research Nurse,5
31,33,Types of Information Systems,"L&L 9, 10, 11, 12",,,1.0,10,2017-08-26 15:00:00,2017-09-26 14:59:59,2017-09-06 15:02:41,2019-05-18 12:47:54,1,8,8.0,2,35.0,1.0,1,1,Kanoodle and Food Pyramids - for the Marketing Assistant,5
32,34,Topic: Communicating your findings,L&L Ch. 12,,,1.0,10,2017-08-26 15:00:00,2017-10-10 14:59:59,2017-09-06 15:03:51,2019-05-18 12:47:54,1,8,8.0,2,35.0,1.0,1,1,Quaxo for an expert VP Marketing,5
33,35,Topic: Design and Usability & Stakeholders,L&L Ch. 4,,,1.0,10,2017-08-26 15:00:00,2017-10-12 14:59:59,2017-09-06 15:04:56,2019-05-18 12:47:54,1,8,8.0,2,35.0,1.0,1,1,Topiczoom for an expert Biostatistician III,5
34,36,Ethical and Social Issues - Privacy,L&L Ch. 6,,,0.0,10,2017-08-26 15:00:00,2017-10-24 14:59:59,2017-09-06 15:06:12,2019-05-18 12:47:54,1,8,,2,,1.0,1,1,Dynava basics for a Accounting Assistant I,5
35,37,Security,L&L Ch 8,,,1.0,10,2017-08-26 15:00:00,2017-10-26 14:59:59,2017-09-06 15:07:22,2019-05-18 12:47:54,1,8,8.0,2,35.0,1.0,1,1,Rhycero and Food Pyramids - for the Junior Executive,5
36,38,Integration with other systems,L&L Ch 7 and 5,,,1.0,10,2017-08-26 15:00:00,2017-10-31 14:59:59,2017-09-06 15:08:32,2019-05-18 12:47:54,1,8,8.0,2,35.0,1.0,1,1,Jaloo and Food Pyramids - for the Associate Professor,5
37,39,Customer Service,L&L Ch. 9,,,0.0,10,2017-08-26 15:00:00,2017-11-23 14:59:59,2017-09-06 15:09:40,2019-05-18 12:47:54,1,8,,2,,1.0,1,1,Fivespan for an expert Office Assistant IV,5
38,40,Maintenance,"L&L Ch 15, Unit Testing Tutorial, Cucumber BDD video",,,1.0,10,2017-08-26 15:00:00,2017-11-21 14:59:59,2017-09-06 15:10:42,2019-05-18 12:47:54,1,8,8.0,2,35.0,1.0,1,1,Dynabox for an expert Automation Specialist IV,5
39,41,Topic: Scalability & Reliability,L&L Ch. 5,,,1.0,10,2017-08-26 15:00:00,2017-11-14 14:59:59,2017-09-06 15:11:54,2019-05-18 12:47:54,1,8,8.0,2,35.0,1.0,1,1,Dynava and Food Pyramids - for the Mechanical Systems Engineer,5
40,42,Policy and Law,"L&L Ch. 4 (yes, again)",,,1.0,10,2017-08-26 15:00:00,2017-11-30 14:59:59,2017-09-06 15:13:33,2019-05-18 12:47:54,1,8,8.0,2,35.0,1.0,1,1,Yotz basics for a VP Quality Control,5
41,43,What is (not) Data Science? or How we make use of data,"<ul>\r\n<li>Donoho, D. (2015). 50 Years of Data Science. R Software, 41.</li>\r\n<li>Another episode of: <a href=\""https://fivethirtyeight.com/tag/whats-the-point/\"">Whats the Point?</a></li>\r\n</ul>",,,0.0,10,2017-08-26 15:00:00,2017-09-12 14:59:59,2017-09-06 15:18:34,2019-05-18 12:47:54,1,9,,2,,1.0,1,1,Oyope and Food Pyramids - for the Geological Engineer,5
42,44,Building our Branched Form,"<ul>\r\n<li><a href=\""http://www.google.com/url?q=http%3A%2F%2Fwww.mousewhisperer.co.uk%2Fdrivebunny%2Fconditional-branching-in-google-forms%2F&sa=D&sntz=1&usg=AFQjCNEAoQpYg_lppCfqsCx36rHwB1byJw\"">Conditional Branching in Google Froms</a></li>\r\n<li><a href=\""https://www.google.com/url?q=https%3A%2F%2Fshift.newco.co%2Fhow-to-use-logic-branching-in-google-forms-and-why-that-matters-492492311880&sa=D&sntz=1&usg=AFQjCNEOsSRy7MOSekjLIUCIPinlKPQhYw\"">How to Use Logic Branching in Google Forms (and Why That Matters)</a></li>\r\n</ul>",,,0.0,10,2017-08-26 15:00:00,2017-09-19 14:59:59,2017-09-06 15:23:46,2019-05-18 12:47:54,1,9,,2,,1.0,1,1,Bubblemix and Food Pyramids - for the Administrative Officer,5
43,45,Data Modelling - revisited,"Modell, M. (1992). Data Analysis, Data Modeling and Classification. New York: McGraw-Hill. Retrieved from <a href=\""http://www.martymodell.com.s3-website-us-east-1.amazonaws.com/dadmc/index.html\"">http://martymodell.com/dadmc/index.html</a> (ch. 10 & 15)",,,1.0,10,2017-08-26 15:00:00,2017-09-28 14:59:59,2017-09-06 15:26:25,2019-05-18 12:47:54,1,9,9.0,2,35.0,1.0,1,1,Dynava basics for a Financial Advisor,5
44,46,ETL,"<ul>\r\n<li>SQL Tutorial (either one)</li>\r\n<li><a href=\""http://www.google.com/url?q=http%3A%2F%2Fwww.w3resource.com%2Fmongodb%2Fnosql.php&sa=D&sntz=1&usg=AFQjCNG6S49jYVpyFfZJlXIL82ZZU8OYmA\"">NoSQL Introduction</a></li>\r\n</ul>",,,1.0,10,2017-08-26 15:00:00,2017-10-12 14:59:59,2017-09-06 15:29:37,2019-05-18 12:47:54,1,9,9.0,2,35.0,1.0,1,1,Topicstorm in the news with a novice Account Coordinator,5
45,47,Data Sanitization,"<A href=\""http://bobby-tables.com/\"">Bobby-Tables.com</a>",,,1.0,10,2017-08-26 15:00:00,2017-10-17 14:59:59,2017-09-06 15:30:49,2019-05-18 12:47:54,1,9,9.0,2,35.0,1.0,1,1,Flashspan in the news with a novice Staff Scientist,5
46,48,Statistics or Making Sense of Data Again,"Stanton, J. (2013). An introduction to data science. Syracuse University, (2012), 195. (Ch. 6 & 7 )",,,1.0,10,2017-08-26 15:00:00,2017-10-24 14:59:59,2017-09-06 15:32:29,2019-05-18 12:47:54,1,9,9.0,2,35.0,1.0,1,1,Shuffledrive in the news with a novice Research Assistant III,5
47,49,Storage at Scale,"<ul>\r\n<li><a href=\""https://www.google.com/url?q=https%3A%2F%2Fdeveloper.yahoo.com%2Fhadoop%2Ftutorial%2Fmodule2.html%23intro&sa=D&sntz=1&usg=AFQjCNGbb8XJj-vmcjXpJJSvYsjJUho0IQ\"">The Hadoop Distributed File System</a></li>\r\n<li><a href=\""https://www.google.com/url?q=https%3A%2F%2Fseveralnines.com%2Fblog%2Fdatabase-sharding-how-does-it-work&sa=D&sntz=1&usg=AFQjCNHEjXwX7Ypvcd3I79Ys3zWlJ0GDmQ\"">Database Sharding - How does it work?</a></li>\r\n</ul>",,,1.0,10,2017-08-26 15:00:00,2017-10-26 14:59:59,2017-09-06 15:35:57,2019-05-18 12:47:54,1,9,9.0,2,35.0,1.0,1,1,Camido basics for a Help Desk Technician,5
48,50,Letting our data tell its story,"<ul>\r\n<li><a href=\""https://www.google.com/url?q=https%3A%2F%2Fbitsonblocks.net%2F2015%2F09%2F09%2Fa-gentle-introduction-to-blockchain-technology%2F&sa=D&sntz=1&usg=AFQjCNGQ71fc_lHqj57eDINuGUDr9ZaFGA\"">A gentle introduction to blockchain technology</a></li>\r\n<li><a href=\""https://www.google.com/url?q=https%3A%2F%2Fwww.ibm.com%2Fdeveloperworks%2Fcloud%2Flibrary%2Fcl-blockchain-basics-intro-bluemix-trs%2Findex.html&sa=D&sntz=1&usg=AFQjCNFn0H7T075RqzZmPujyYSfFOueakQ\"">Blockchain basics: Introduction to distributed ledgers</a></li>\r\n</ul>",,,1.0,10,2017-08-26 15:00:00,2017-11-07 14:59:59,2017-09-06 15:39:27,2019-05-18 12:47:54,1,9,9.0,2,35.0,1.0,1,1,Mita for an expert Teacher,5
49,51,Prediction,"<ul>\r\n<li><a href=\""http://www.google.com/url?q=http%3A%2F%2Fwww.texasoft.com%2Fwinkslr.html&sa=D&sntz=1&usg=AFQjCNHZmWEkY2MYIJaDU_lhfoictiy6_Q\"">Simple Linear Regression</a></li>\r\n<li><a href=\""https://www.google.com/url?q=https%3A%2F%2Fonlinecourses.science.psu.edu%2Fstat501%2Fnode%2F251&sa=D&sntz=1&usg=AFQjCNH0X4KzJqeBO7PWr8KWbSVwohet_A\"">What is Simple Linear Regression?</a></li>\r\n</ul>",,,1.0,10,2017-08-26 15:00:00,2017-11-09 14:59:59,2017-09-06 15:41:58,2019-05-18 12:47:54,1,9,9.0,2,35.0,1.0,1,1,Skimia and Food Pyramids - for the Social Worker,5
50,52,Unstructured Data,"Stanton, J. (2013). An introduction to data science. Syracuse University, (2012), 195. (Ch. 8, 10 & 13)",,,1.0,10,2017-08-26 15:00:00,2017-11-16 14:59:59,2017-09-06 15:43:25,2019-05-18 12:47:54,1,9,9.0,2,35.0,1.0,1,1,Chatterpoint for an expert Senior Cost Accountant,5
51,53,Analysis at Scale,"<a href=\""https://www.google.com/url?q=https%3A%2F%2Fwww.tutorialspoint.com%2Fmap_reduce%2Fmap_reduce_quick_guide.htm&sa=D&sntz=1&usg=AFQjCNHI1vMDDO79WAYWs_DOUaA55FJ3tg\"">MapReduce Quick Guide</a>",,,1.0,10,2017-08-26 15:00:00,2017-11-14 14:59:59,2017-09-06 15:45:09,2019-05-18 12:47:54,1,9,9.0,2,35.0,1.0,1,1,Brightbean for an expert Senior Cost Accountant,5
52,54,Machine Learning,"<p>Read one of the following:\r\n<ul>\r\n<li>Nielsen, M. (2017). Using neural nets to recognize handwritten digits. In Neural Networks and Deep Learning. Using neural nets to recognize handwritten digits. Retrieved from <a href=\""http://neuralnetworksanddeeplearning.com/chap1.html\"">http://neuralnetworksanddeeplearning.com/chap1.html</a> (Ch. 1)</li>\r\n<li>Brownlee, J. (2014). A Gentle Introduction to Scikit-Learn: A Python Machine Learning Library. Retrieved January 1, 2017, from <a href=\""http://machinelearningmastery.com/a-gentle-introduction-to-scikit-learn-a-python-machine-learning-library/\"">http://machinelearningmastery.com/a-gentle-introduction-to-scikit-learn-a-python-machine-learning-library/</a></li>\r\n<li>Willems, K. (2017). TensorFlow Tutorial For Beginners. Retrieved January 1, 2017, from <a href=\""https://www.datacamp.com/community/tutorials/tensorflow-tutorial#basics\"">https://www.datacamp.com/community/tutorials/tensorflow-tutorial#basics</a> (until Installing TensorFlow)</li>\r\n</ul>",,,1.0,10,2017-08-26 15:00:00,2017-11-28 14:59:59,2017-09-06 15:51:08,2019-05-18 12:47:54,1,9,9.0,2,35.0,1.0,1,1,Rooxo basics for a Account Coordinator,5
53,55,Muddiest Points and What does the Future Hold?,"Greenberg, A. (2017, August). Biohackers encoded malware in a strand of DNA. Wired. Retrieved from <a href=\""https://www.wired.com/story/malware-dna-hack/?mbid=nl_81017_p1&CNDID=45878362\"">https://www.wired.com/story/malware-dna-hack/?mbid=nl_81017_p1&CNDID=45878362</a>",,,1.0,10,2017-08-26 15:00:00,2017-12-12 14:59:59,2017-09-06 15:52:49,2019-05-18 12:47:54,1,9,9.0,2,35.0,1.0,1,1,Ozu for an expert Executive Secretary,5
54,56,Principles of HCI and Usability,"<ul>\r\n<li>Gould, J. D., & Lewis, C. (1985). Designing for usability: key principles and what designers think. Communications of the ACM, 28(3), 300–311. https://doi.org/10.1145/3166.3170</li>\r\n<li>Gould, J. D., & Lewis, C. (1985). Designing for usability: key principles and what designers think. Communications of the ACM, 28(3), 300–311. https://doi.org/10.1145/3166.3170</li>\r\n</ul>",,,0.0,15,2017-08-27 15:00:00,2017-10-14 14:59:59,2017-09-29 09:13:42,2019-05-18 12:47:54,1,10,,2,,1.0,1,1,Aibox basics for a Physical Therapy Assistant,5
55,57,What is our data showing us?,"<ul>\r\n<li><a target=\""_blank\"" href=\""https://www.dashingd3js.com/why-build-with-d3js\"">Why build Data Visualizations with D3.js</a></li>\r\n<li>Khoury, P. (2017) <a target=\""_blank\"" href=\""https://magneticspeaking.com/5-ideas-from-edward-tufte-about-compelling-powerpoint-design/\"">5 Ideas from Edward Tufte About Compelling Powerpoint Design</a></li></ul>",,,1.0,10,2017-08-27 15:00:00,2017-10-31 14:59:59,2017-10-24 05:31:46,2019-05-18 12:47:54,1,9,9.0,2,37.0,1.0,1,1,Gabcube and Food Pyramids - for the Senior Financial Analyst,5
56,58,What is applications software?,L&L Ch 1 and 2,,,0.0,10,2018-02-24 15:00:00,2018-03-06 14:59:00,2018-02-26 12:48:39,2019-05-18 12:47:54,1,13,,2,,1.0,1,1,Kwilith for an expert Chief Design Engineer,5
57,59,Rails Lab - Getting Started with Custom Development,"<a href=https://news.codecademy.com/test-driven-development/?utm_source=customer.io&utm_medium=email&utm_campaign=fortnightly_1-25-18&utm_content=why-tdd target=\""_blank\"">What is Test-Driven Development?</a>",,,0.0,10,2018-02-24 15:00:00,2018-03-13 14:59:00,2018-02-26 12:52:00,2019-05-18 12:47:54,1,13,,2,,1.0,1,1,Devify for an expert Marketing Assistant,5
58,60,Play a Serious Game,AoGD: 7,,,0.0,10,2018-02-24 15:00:00,2018-03-06 14:59:00,2018-02-26 12:58:45,2019-05-18 12:47:54,1,14,,2,,1.0,1,1,Brainsphere in the news with a novice Tax Accountant,5
59,61,Game design & the role of the designer,WS: 1,,,0.0,10,2018-02-24 15:00:00,2018-03-08 14:59:00,2018-02-26 12:59:57,2019-05-18 12:47:54,1,14,,2,,1.0,1,1,Quaxo in the news with a novice Account Coordinator,5
60,62,Gamification,<ul>\r\n<li>AoGD: 5</li>\r\n<li>Presky (in the readings folder)</li>\r\n</ul>,,,0.0,10,2018-02-24 15:00:00,2018-03-13 14:59:00,2018-02-27 00:25:03,2019-05-18 12:47:54,1,14,,2,,1.0,1,1,Trilia basics for a VP Accounting,5
61,63,Formal elements,WS: 3,,,0.0,10,2018-02-24 15:00:00,2018-03-15 14:59:00,2018-02-27 00:26:06,2019-05-18 12:47:54,1,14,,2,,1.0,1,1,Roombo for an expert Accounting Assistant I,5
62,64,What makes a good team?,WS: 12,,,0.0,10,2018-02-24 15:00:00,2018-03-20 14:59:00,2018-02-27 00:41:21,2019-05-18 12:47:54,1,14,,2,,1.0,1,1,Trudoo for an expert Administrative Officer,5
63,65,Dramatic elements,WS: 4,,,1.0,10,2018-02-24 15:00:00,2018-03-22 14:59:00,2018-02-27 00:42:25,2019-05-18 12:47:54,1,14,11.0,2,37.0,1.0,1,1,Flipopia for an expert Senior Developer,5
64,66,System dynamics,WS: 5,,,1.0,10,2018-02-24 15:00:00,2018-03-27 14:59:00,2018-02-27 00:43:12,2019-05-18 12:47:54,1,14,11.0,2,37.0,1.0,1,1,Avavee for an expert Automation Specialist III,5
65,67,Prototyping,WS: 7,,,1.0,10,2018-02-24 15:00:00,2018-03-29 14:59:00,2018-02-27 00:45:28,2019-05-18 12:47:54,1,14,11.0,2,37.0,1.0,1,1,Zooveo basics for a Quality Control Specialist,5
66,68,Improving,AoGD: 8,,,1.0,10,2018-02-24 15:00:00,2018-04-03 14:59:00,2018-02-27 00:48:07,2019-05-18 12:47:55,1,14,11.0,2,37.0,1.0,1,1,Gabcube in the news with a novice Software Consultant,5
67,69,Game mechanics,WS: 10,,,1.0,10,2018-02-24 15:00:00,2018-04-05 14:59:00,2018-02-27 00:49:04,2019-05-18 12:47:55,1,14,11.0,2,37.0,1.0,1,1,Jabbersphere for an expert GIS Technical Architect,5
68,70,Selling yourself,AoGD: 30,,,1.0,10,2018-02-24 15:00:00,2018-04-10 14:59:00,2018-02-27 00:50:08,2019-05-18 12:47:55,1,14,11.0,2,37.0,1.0,1,1,Topdrive basics for a Automation Specialist II,5
69,71,Aesthetics,"AoGD: 15, 22",,,1.0,10,2018-02-24 15:00:00,2018-04-12 14:59:00,2018-02-27 00:51:51,2019-05-18 12:47:55,1,14,11.0,2,37.0,1.0,1,1,Yabox for an expert Nuclear Power Engineer,5
70,72,Re-Design Pitch,AoGD: 31 (this should have been chapter 30 - typo on my part),,,1.0,10,2018-02-24 15:00:00,2018-04-17 14:59:00,2018-02-27 00:52:59,2019-05-18 12:47:55,1,14,11.0,2,37.0,1.0,1,1,Yadel in the news with a novice Physical Therapy Assistant,5
71,73,Playtesting,WS: 9,,,1.0,10,2018-02-24 15:00:00,2018-04-19 14:59:00,2018-02-27 00:54:31,2019-05-18 12:47:55,1,14,11.0,2,37.0,1.0,1,1,Jabbercube and Food Pyramids - for the Actuary,5
72,74,Design documents,WS: 14,,,1.0,10,2018-02-24 15:00:00,2018-05-01 14:59:00,2018-02-27 00:55:12,2019-05-18 12:47:55,1,14,11.0,2,37.0,1.0,1,1,Katz and Food Pyramids - for the Product Engineer,5
73,75,Was that fun?,WS: 11,,,1.0,10,2018-02-24 15:00:00,2018-05-03 14:59:00,2018-02-27 00:56:36,2019-05-18 12:47:55,1,14,11.0,2,37.0,1.0,1,1,Livetube basics for a Research Assistant III,5
74,76,Development,WS: 13,,,1.0,10,2018-02-24 15:00:00,2018-05-08 14:59:00,2018-02-27 00:57:53,2019-05-18 12:47:55,1,14,11.0,2,37.0,1.0,1,1,Skyble basics for a Executive Secretary,5
75,77,Transformation,AoGD: 32,,,1.0,10,2018-02-24 15:00:00,2018-05-15 14:59:00,2018-02-27 00:58:59,2019-05-18 12:47:55,1,14,11.0,2,37.0,1.0,1,1,Mudo and Food Pyramids - for the General Manager,5
76,78,Intellectual property,"<a href=\""http://www.google.com/url?q=http%3A%2F%2Fwww.gamasutra.com%2Fview%2Ffeature%2F131951%2Fhey_thats_my_game_intellectual_.php&sa=D&sntz=1&usg=AFQjCNELg-f662xF89UGoEsEwH8fL5OpFw\"" target=\""_blank\"">Hey, thats my game!</a>",,,1.0,10,2018-02-24 15:00:00,2018-05-17 14:59:00,2018-02-27 01:01:02,2019-05-18 12:47:55,1,14,11.0,2,37.0,1.0,1,1,Voonyx basics for a Geological Engineer,5
77,79,Is it worth it?,AoGD: 30 (this is me fixing my mistake - we were supposed to read this in week 8),,,1.0,10,2018-02-24 15:00:00,2018-05-24 14:59:00,2018-02-27 01:01:57,2019-05-18 12:47:55,1,14,11.0,2,37.0,1.0,1,1,Brightbean and Food Pyramids - for the Desktop Support Technician,5
78,80,Game industry,WS: 15 & 16,,,1.0,10,2018-02-24 15:00:00,2018-05-29 14:59:00,2018-02-27 01:03:09,2019-05-18 12:47:55,1,14,11.0,2,37.0,1.0,1,1,Jabbersphere basics for a Chemical Engineer,5
79,82,Development,L&L: 13&14,,,1.0,10,2018-02-24 15:00:00,2018-03-20 14:59:00,2018-03-07 05:16:36,2019-05-18 12:47:55,1,13,10.0,2,37.0,1.0,1,1,Riffwire basics for a Operator,5
80,83,Types of Information Systems,"L&L: 9, 10, 11 & 12",,,1.0,10,2018-02-24 15:00:00,2018-03-27 14:59:00,2018-03-07 05:19:28,2019-05-18 12:47:55,1,13,10.0,2,37.0,1.0,1,1,Jatri basics for a Operator,5
81,84,Collaborating productively,"<ul>\r\n<li>L&L Ch 15</li>\r\n<li><a href=\""https://try.github.io\"" target=\""_blank\"">Git Tutorial</a></li>\r\n<li><a href=\""https://www.youtube.com/watch?v=zz7NuSCH6II\"" target=\""_blank\"">Resolving merge conflicts in git</a></li>\r\n</ul>",,,1.0,10,2018-02-24 15:00:00,2018-04-03 14:59:00,2018-03-07 05:23:34,2019-05-18 12:47:55,1,13,10.0,2,37.0,1.0,1,1,Avamm for an expert Internal Auditor,5
82,85,Communicating your findings,L&L 12,,,1.0,10,2018-02-24 15:00:00,2018-04-10 14:59:00,2018-03-07 05:24:48,2019-05-18 12:47:55,1,13,10.0,2,37.0,1.0,1,1,Feedmix and Food Pyramids - for the Food Chemist,5
83,86,"Design, usability and stakeholders",L&L 4,,,1.0,10,2018-02-24 15:00:00,2018-04-12 14:59:00,2018-03-07 05:26:18,2019-05-18 12:47:55,1,13,10.0,2,37.0,1.0,1,1,Photobug for an expert Pharmacist,5
84,87,Maintenance,"<ul>\r\n<li>L&L 15</li>\r\n<li><a href=\""https://www.guru99.com/unit-testing-guide.html\"" target=\""_blank\"">Unit Testing Tutorial</a></li>\r\n<li><a href=\""https://cucumber.io/school\"" target=\""_blank\"">Cucumber BDD Video</a></li>\r\n</ul>",,,1.0,10,2018-02-24 15:00:00,2018-04-19 14:59:00,2018-03-07 05:30:20,2019-05-18 12:47:55,1,13,10.0,2,37.0,1.0,1,1,Youbridge and Food Pyramids - for the Database Administrator IV,5
85,88,Ethical and Social Issues - Privacy,L&L 6,,,1.0,10,2018-02-24 15:00:00,2018-04-24 14:59:00,2018-03-07 05:31:17,2019-05-18 12:47:55,1,13,10.0,2,37.0,1.0,1,1,Topicstorm in the news with a novice Biostatistician IV,5
86,89,Security,L&L 8,,,1.0,10,2018-02-24 15:00:00,2018-04-26 14:59:00,2018-03-07 05:32:25,2019-05-18 12:47:55,1,13,10.0,2,37.0,1.0,1,1,Skyble for an expert Assistant Professor,5
87,90,Integration with other systems,L&L 7 and 5,,,1.0,10,2018-02-24 15:00:00,2018-05-01 14:59:00,2018-03-07 05:34:08,2019-05-18 12:47:55,1,13,10.0,2,37.0,1.0,1,1,Twitterworks for an expert Help Desk Operator,5
88,91,Scalability & Reliability,L&L 5,,,1.0,10,2018-02-24 15:00:00,2018-05-15 14:59:00,2018-03-07 05:35:13,2019-05-18 12:47:55,1,13,10.0,2,37.0,1.0,1,1,Divavu and Food Pyramids - for the Staff Scientist,5
89,92,Customer Service,L&L 9,,,1.0,10,2018-02-24 15:00:00,2018-05-24 14:59:00,2018-03-07 05:36:12,2019-05-18 12:47:55,1,13,10.0,2,37.0,1.0,1,1,Meevee basics for a Project Manager,5
90,93,Policy and Law,"L&L 4 (yes, again)",,,1.0,10,2018-02-24 15:00:00,2018-05-31 14:59:00,2018-03-07 05:37:39,2019-05-18 12:47:55,1,13,10.0,2,37.0,1.0,1,1,Trupe and Food Pyramids - for the Nurse Practicioner,5
91,94,What is applications software?,L&L Ch 1 and 2,,,0.0,10,2018-08-26 15:00:00,2018-09-05 14:59:00,2018-08-29 05:35:22,2019-05-18 12:47:55,1,26,,2,,1.0,1,1,Mynte in the news with a novice Technical Writer,5
92,95,Rails Lab - Getting Started with Custom Development,"<a href=https://news.codecademy.com/test-driven-development/?utm_source=customer.io&utm_medium=email&utm_campaign=fortnightly_1-25-18&utm_content=why-tdd target=\""_blank\"">What is Test-Driven Development?</a>",,,0.0,10,2018-08-26 15:00:00,2018-09-11 14:59:00,2018-08-29 05:35:22,2019-05-18 12:47:55,1,26,,2,,1.0,1,1,Vimbo in the news with a novice VP Accounting,5
93,96,Development,L&L: 13&14,,,1.0,10,2018-08-26 15:00:00,2018-09-18 14:59:00,2018-08-29 05:35:22,2019-05-18 12:47:55,1,26,14.0,2,37.0,1.0,1,1,Feedfire basics for a Speech Pathologist,5
94,97,Types of Information Systems,"L&L: 9, 10, 11 & 12",,,1.0,10,2018-08-26 15:00:00,2018-10-02 14:59:00,2018-08-29 05:35:22,2019-05-18 12:47:55,1,26,14.0,2,37.0,1.0,1,1,Aimbo in the news with a novice Account Representative IV,5
95,98,Collaborating productively,"<ul>\r\n<li>L&L Ch 15</li>\r\n<li><a href=\""https://try.github.io\"" target=\""_blank\"">Git Tutorial</a></li>\r\n<li><a href=\""https://www.youtube.com/watch?v=zz7NuSCH6II\"" target=\""_blank\"">Resolving merge conflicts in git</a></li>\r\n</ul>",,,1.0,10,2018-08-26 15:00:00,2018-10-11 14:59:00,2018-08-29 05:35:22,2019-05-18 12:47:55,1,26,14.0,2,37.0,1.0,1,1,Yombu for an expert Senior Editor,5
96,99,Communicating your findings,L&L 12,,,1.0,10,2018-08-26 15:00:00,2018-10-16 14:59:00,2018-08-29 05:35:22,2019-05-18 12:47:55,1,26,14.0,2,37.0,1.0,1,1,Yombu and Food Pyramids - for the Director of Sales,5
97,100,"Design, usability and stakeholders",L&L 4,,,1.0,10,2018-08-26 15:00:00,2018-10-18 14:59:00,2018-08-29 05:35:22,2019-05-18 12:47:55,1,26,14.0,2,37.0,1.0,1,1,Kamba and Food Pyramids - for the Product Engineer,5
98,101,Maintenance,"<ul>\r\n<li>L&L 15</li>\r\n<li><a href=\""https://www.guru99.com/unit-testing-guide.html\"" target=\""_blank\"">Unit Testing Tutorial</a></li>\r\n<li><a href=\""https://cucumber.io/school\"" target=\""_blank\"">Cucumber BDD Video</a></li>\r\n</ul>",,,1.0,10,2018-08-26 15:00:00,2018-10-25 14:59:00,2018-08-29 05:35:22,2019-05-18 12:47:55,1,26,14.0,2,37.0,1.0,1,1,Vitz basics for a Account Coordinator,5
99,102,Ethical and Social Issues - Privacy,L&L 6,,,1.0,10,2018-08-26 15:00:00,2018-10-30 14:59:00,2018-08-29 05:35:23,2019-05-18 12:47:55,1,26,14.0,2,37.0,1.0,1,1,Kwilith for an expert Operator,5
100,103,Security,L&L 8,,,1.0,10,2018-08-26 15:00:00,2018-11-01 14:59:00,2018-08-29 05:35:23,2019-05-18 12:47:55,1,26,14.0,2,37.0,1.0,1,1,Twimm for an expert Design Engineer,5
101,104,Integration with other systems,L&L 7 and 5,,,1.0,10,2018-08-26 15:00:00,2018-11-06 14:59:00,2018-08-29 05:35:23,2019-05-18 12:47:55,1,26,14.0,2,37.0,1.0,1,1,Oyoyo in the news with a novice Social Worker,5
102,105,Scalability & Reliability,L&L 5,,,1.0,10,2018-08-26 15:00:00,2018-11-20 14:59:00,2018-08-29 05:35:23,2019-05-18 12:47:55,1,26,14.0,2,37.0,1.0,1,1,Skyba for an expert Statistician IV,5
103,106,Customer Service,L&L 9,,,1.0,10,2018-08-26 15:00:00,2018-11-27 14:59:00,2018-08-29 05:35:23,2019-05-18 12:47:55,1,26,14.0,2,37.0,1.0,1,1,Gabspot in the news with a novice Nurse,5
104,107,Policy and Law,"L&L 4 (yes, again)",,,1.0,10,2018-08-26 15:00:00,2018-12-04 14:59:00,2018-08-29 05:35:23,2019-05-18 12:47:55,1,26,14.0,2,37.0,1.0,1,1,Dabshots and Food Pyramids - for the Quality Control Specialist,5
105,108,What is application software?,Laudon & Laudon\r\n<ul>\r\n<li>Ch. 1: Information Systems in Global Business Today</li>\r\n<li>Ch. 2: Global E-Business and Collaboration</li>\r\n</ul>,,,0.0,10,2019-02-24 15:00:00,2019-03-04 14:59:00,2019-02-22 04:41:08,2019-05-18 12:47:55,1,31,21.0,2,0.0,1.0,1,1,Skyndu for an expert Data Coordinator,5
106,109,Getting started with custom development,Laudon & Laudon Ch. 6: Foundations of business intelligence: databases and information management,,,0.0,10,2019-02-24 15:00:00,2019-03-11 14:59:00,2019-02-22 04:43:49,2019-05-18 12:47:55,1,31,21.0,2,0.0,1.0,1,1,Youtags in the news with a novice Software Engineer II,5
107,110,What is a game?,AoGD 7: The game begins with an <i>Idea</i>,,,0.0,10,2019-02-24 15:00:00,2019-03-04 14:59:00,2019-02-22 04:51:47,2019-05-18 12:47:55,1,32,22.0,2,0.0,1.0,1,1,Flipstorm basics for a Product Engineer,5
108,111,Game design & role of designer,WS 1: The Role of the Game Designer,,,0.0,10,2019-02-24 15:00:00,2019-03-06 14:59:00,2019-02-22 04:53:59,2019-05-18 12:47:55,1,32,22.0,2,0.0,1.0,1,1,Minyx in the news with a novice Teacher,5
109,112,What makes a good team?,WS 12: Team structures,,,0.0,10,2019-02-24 15:00:00,2019-03-11 14:59:00,2019-02-22 04:55:12,2019-05-18 12:47:55,1,32,22.0,2,0.0,1.0,1,1,Youspan basics for a Professor,5
110,113,Rails Lab: C.R.U.D. (or working with data),L&L Ch. 14: Managing projects,,,0.0,10,2019-02-24 15:00:00,2019-03-18 14:59:00,2019-03-05 07:08:22,2019-05-18 12:47:55,1,31,,2,,1.0,1,1,Katz basics for a Assistant Manager,5
111,114,Types of information systems,"<p>Laudon &amp; Laudon</p>\n<ul>\n<li>Ch. 10: E-Commerce: Digital markets, digital goods</li>\n<li>Ch. 11: Managing knowledge</li>\n</ul>\n",,,1.0,10,2019-02-24 15:00:00,2019-03-25 14:59:00,2019-03-05 07:10:46,2019-05-18 12:47:55,1,31,21.0,3,35.0,1.0,1,1,Mycat basics for a Community Outreach Specialist,5
112,115,Formal elements,WS Ch. 3: Working with formal elements,,,0.0,10,2019-02-24 15:00:00,2019-03-13 14:59:00,2019-03-05 07:18:27,2019-05-18 12:47:55,1,32,,2,,1.0,1,1,Myworks for an expert Geologist III,5
113,116,Collaborating productively,"<ul>\n<li>L&amp;L Ch. 15: Managing Global Systems</li>\n<li><a href=\""https://www.katacoda.com/courses/git\"" target=\""_blank\"">Interactive Git Tutorial</a></li>\n<li><a href=\""https://www.youtube.com/watch?v=zz7NuSCH6II\"" target=\""_blank\"">Resolving Merge Conflicts in Git</a></li>\n</ul>\n",,,1.0,10,2019-02-24 15:00:00,2019-04-03 14:59:00,2019-03-12 07:27:37,2019-05-18 12:47:55,1,31,21.0,2,37.0,1.0,1,1,Agimba and Food Pyramids - for the VP Sales,5
114,117,Design and Usability,L&L Ch. 13: Building information systems,,,1.0,10,2019-02-24 15:00:00,2019-04-10 14:59:00,2019-03-12 07:29:25,2019-05-18 12:47:55,1,31,21.0,2,37.0,1.0,1,1,Oozz for an expert Structural Analysis Engineer,5
115,118,Maintenance,"<ul>\r\n<li><a target=\""_blank\"" href=\""https://www.guru99.com/unit-testing-guide.html\"">Unit Testing Tutorial</a></li>\r\n<li><a target=\""_blank\"" href=\""https://cucumber.io/school\"">Cucumber BDD Video</a></li>\r\n</ul>",,,1.0,10,2019-02-24 15:00:00,2019-04-17 14:59:00,2019-03-12 07:36:26,2019-05-18 12:47:55,1,31,21.0,2,37.0,1.0,1,1,Fadeo for an expert Mechanical Systems Engineer,5
116,119,Ethical and Social Issues - Privacy,L&L C. 4: Ethical and Social Issues in Information Systems,,,1.0,10,2019-02-24 15:00:00,2019-04-22 14:59:00,2019-03-12 07:38:18,2019-05-18 12:47:55,1,31,21.0,3,37.0,1.0,1,1,Skynoodle basics for a Tax Accountant,5
117,120,Security,L&L Ch. 8: Securing information systems,,,1.0,10,2019-02-24 15:00:00,2019-04-24 14:59:00,2019-03-12 07:39:31,2019-05-18 12:47:55,1,31,21.0,2,37.0,1.0,1,1,Feednation and Food Pyramids - for the Developer III,5
118,121,Integration with other systems,"L&L Ch. 7: Telecommunications, the internet, and wireless technology",,,1.0,10,2019-02-24 15:00:00,2019-04-29 14:59:00,2019-03-12 07:42:24,2019-05-18 12:47:55,1,31,21.0,3,37.0,1.0,1,1,Vimbo basics for a Editor,5
119,122,Spreadsheets: sensitivity analysis,L&L Ch. Enhancing decision making,,,1.0,10,2019-02-24 15:00:00,2019-05-08 14:59:00,2019-03-12 07:44:11,2019-05-18 12:47:55,1,31,21.0,2,37.0,1.0,1,1,Quatz basics for a Geologist II,5
120,123,Scalability & reliability,L&L Ch. 5: IT infrastructure and emerging technologies,,,1.0,10,2019-02-24 15:00:00,2019-05-13 14:59:00,2019-03-12 07:46:10,2019-05-18 12:47:55,1,31,21.0,3,37.0,1.0,1,1,Centidel for an expert Occupational Therapist,5
121,124,Customer service,L&L Ch. 9: Achieving operational excellence and customer intimacy: enterprise applications,,,1.0,10,2019-02-24 15:00:00,2019-05-20 14:59:00,2019-03-12 07:48:35,2019-05-18 13:56:23,1,31,21.0,3,37.0,1.0,1,1,Jayo in the news with a novice Nurse,5
122,125,Dramatic elements,WS 4: Working with dramatic elements,,,0.0,10,2019-02-24 15:00:00,2019-03-18 14:59:00,2019-03-12 07:55:20,2019-05-18 12:47:55,1,32,22.0,2,,1.0,1,1,Youtags for an expert Environmental Specialist,5
123,126,System dynamics,WS 5: Working with system dynamics,,,1.0,10,2019-02-24 15:00:00,2019-03-20 14:59:00,2019-03-12 07:56:41,2019-05-18 12:47:55,1,32,22.0,2,35.0,1.0,1,1,Snaptags basics for a Database Administrator III,5
124,127,Prototyping,WS 7: Prototyping,,,1.0,10,2019-02-24 15:00:00,2019-03-25 14:59:00,2019-03-12 07:57:41,2019-05-18 12:47:55,1,32,22.0,2,35.0,1.0,1,1,Topicware and Food Pyramids - for the Structural Engineer,5
125,128,Improving,AoGD 8: The game improves through iteration,,,1.0,10,2019-02-24 15:00:00,2019-04-01 14:59:00,2019-03-12 07:58:42,2019-05-18 12:47:55,1,32,22.0,2,35.0,1.0,1,1,Fivebridge for an expert Community Outreach Specialist,5
126,129,Game mechanics,"WS 10: Functionality, completeness, and balance",,,1.0,10,2019-02-24 15:00:00,2019-04-03 14:59:00,2019-03-12 07:59:49,2019-05-18 12:47:55,1,32,22.0,2,35.0,1.0,1,1,Feedfish in the news with a novice Professor,5
127,130,Selling yourself,AoGD 30: The designer gives the client a pitch,,,1.0,10,2019-02-24 15:00:00,2019-04-08 14:59:00,2019-03-12 08:00:54,2019-05-18 12:47:55,1,32,22.0,2,35.0,1.0,1,1,Gevee in the news with a novice Professor,5
128,131,Aesthetics,<ul>\r\n<li>AoGD 15: Players play games through an interface</li>\r\n<li>AoGD 22: The look and feel of a world is defined by its aesthetics</li>\r\n</ul>,,,1.0,10,2019-02-24 15:00:00,2019-04-10 14:59:00,2019-03-12 08:03:01,2019-05-18 12:47:55,1,32,22.0,2,35.0,1.0,1,1,Topdrive basics for a Senior Sales Associate,5
129,132,Re-design pitch,AoGD 30: The designer gives the client a pitch,,,1.0,10,2019-02-24 15:00:00,2019-04-15 14:59:00,2019-03-12 08:04:35,2019-05-18 12:47:55,1,32,22.0,2,35.0,1.0,1,1,Yambee basics for a Data Coordinator,5
130,133,Playtesting,<p>WS 9: Playtesting</p>\n,,,1.0,10,2019-02-24 15:00:00,2019-04-17 14:59:00,2019-03-12 08:05:06,2019-05-18 12:47:55,1,32,22.0,2,35.0,1.0,1,1,Skilith in the news with a novice Analyst Programmer,5
131,134,Design documents,WS 14: The design document,,,1.0,10,2019-02-24 15:00:00,2019-04-29 14:59:00,2019-03-12 08:05:47,2019-05-18 12:47:55,1,32,22.0,2,35.0,1.0,1,1,Skidoo for an expert Senior Sales Associate,5
132,135,Was that fun?,WS 11: Fun and accessibility,,,1.0,10,2019-02-24 15:00:00,2019-05-01 14:59:00,2019-03-12 08:06:31,2019-05-18 12:47:55,1,32,22.0,2,35.0,1.0,1,1,Eidel in the news with a novice Information Systems Manager,5
133,136,Development & Modality,WS 13: Stages of development,,,1.0,10,2019-02-24 15:00:00,2019-05-08 14:59:00,2019-03-12 08:07:49,2019-05-18 12:47:55,1,32,22.0,2,35.0,1.0,1,1,Jabbersphere basics for a Social Worker,5
134,137,Transformation,AoGD 32: Games transform their players,,,1.0,10,2019-02-24 15:00:00,2019-05-13 14:59:00,2019-03-12 08:08:44,2019-05-18 12:47:55,1,32,22.0,2,35.0,1.0,1,1,Yambee for an expert Compensation Analyst,5
135,138,Intellectual property,"<a target=\""_blank\"" href=\""http://www.gamasutra.com/view/feature/131951/hey_thats_my_game_intellectual_.php\"">Hey, thats my game!</a>",,,1.0,10,2019-02-24 15:00:00,2019-05-15 14:59:00,2019-03-12 08:10:36,2019-05-18 12:47:55,1,32,22.0,2,35.0,1.0,1,1,Myworks in the news with a novice Senior Editor,5
136,139,Is it worth it?,AoGD 31: The designer and client want the game to make a profit,,,1.0,10,2019-02-24 15:00:00,2019-05-22 14:59:00,2019-03-12 08:11:35,2019-05-20 05:28:14,1,32,22.0,2,35.0,1.0,1,1,Dynava basics for a Recruiting Manager,5
137,140,Game industry,<ul>\r\n<li>WS 15: Understanding the game industry</li>\r\n<li>WS 16: Selling yourself and your ideas to the game industry</li>\r\n</ul>,,,1.0,10,2019-02-24 15:00:00,2019-05-27 14:59:00,2019-03-12 08:13:10,2019-05-26 12:51:32,1,32,22.0,2,35.0,1.0,1,1,Youopia for an expert Account Representative IV,5
138,141,How machines work,<p>Chapter 2: Hardware</p>\n,,,0.0,10,2019-08-26 04:00:00,2019-09-04 03:59:00,2019-08-24 16:47:21,2019-09-16 19:21:42,1,34,23.0,3,0.0,1.0,1,1,Voonte in the news with a novice VP Sales,5
139,142,How machines work,<p>Ch 3: System Software</p>\n,,,0.0,10,2019-08-26 04:00:00,2019-09-11 03:59:00,2019-08-24 19:57:26,2019-09-09 04:25:18,1,34,23.0,2,0.0,1.0,1,1,Yacero and Food Pyramids - for the Chief Design Engineer,5
140,143,How machines work,"<p>Ch 4: Networks, Security &amp; Privacy</p>\n",,,0.0,10,2019-08-26 04:00:00,2019-09-13 03:59:00,2019-08-24 19:58:52,2019-09-16 19:21:42,1,34,23.0,2,0.0,1.0,1,1,Aimbo and Food Pyramids - for the Business Systems Development Analyst,5
141,144,Microsoft Word,<p>Ch 11: Introduction to Microsoft Office 2016</p>\n,,,1.0,10,2019-08-26 04:00:00,2019-09-20 03:59:00,2019-08-24 20:04:33,2019-09-18 17:14:51,1,34,23.0,3,37.0,1.0,1,1,Browsezoom basics for a Senior Editor,5
142,145,Microsoft Word,<p>Ch 12: Creating Documents with Microsoft Word 2016</p>\n,,,1.0,10,2019-08-26 04:00:00,2019-09-25 03:59:00,2019-08-24 20:10:29,2019-09-22 15:13:05,1,34,23.0,3,37.0,1.0,1,1,Skalith for an expert Civil Engineer,5
143,146,Microsoft Word,<p>Ch 13: Creating Cover Letters and Using Tables to Create Resumes</p>\n,,,1.0,10,2019-09-16 04:00:00,2019-09-27 03:59:00,2019-08-24 20:12:20,2019-09-25 13:53:26,1,34,23.0,2,37.0,1.0,1,1,Yodo for an expert VP Accounting,5
144,147,Microsoft Word,"<p>Ch 14: Creating Research Papers, Newsletters, and Merged Mailing Lists</p>\n",,,1.0,10,2019-09-16 04:00:00,2019-10-04 03:59:00,2019-08-24 20:14:14,2019-10-01 03:15:13,1,34,23.0,3,37.0,1.0,1,1,DabZ and Food Pyramids - for the Business Systems Development Analyst,5
145,148,Machines and people,<p>Ch 5: Troubleshooting and Maintenance</p>\n,,,1.0,10,2019-08-26 04:00:00,2019-10-18 03:59:00,2019-08-24 20:18:01,2019-10-14 14:39:03,1,34,23.0,3,37.0,1.0,1,1,Brainsphere and Food Pyramids - for the Editor,5
146,149,Machines and people,<p>Ch 6: Application Software &amp; Business Communication Tools</p>\n,,,1.0,10,2019-08-26 04:00:00,2019-10-23 03:59:00,2019-08-24 20:19:49,2019-10-19 23:40:18,1,34,23.0,3,37.0,1.0,1,1,Pixoboo and Food Pyramids - for the Physical Therapy Assistant,5
147,150,Machines and people,<p>Ch 7: Internet</p>\n,,,1.0,10,2019-08-26 04:00:00,2019-10-25 03:59:00,2019-08-24 20:21:08,2019-10-22 03:49:19,1,34,23.0,3,37.0,1.0,1,1,Oba for an expert Food Chemist,5
148,151,Machines and people,<p>Ch 8: Digital Ethics &amp; Awareness</p>\n,,,1.0,10,2019-08-26 04:00:00,2019-10-30 03:59:00,2019-08-24 20:22:43,2019-10-28 01:21:56,1,34,23.0,3,37.0,1.0,1,1,Mydeo basics for a Environmental Specialist,5
149,152,Microsoft Excel,<p>Ch 15: Introducing Microsoft Excel 2016</p>\n,,,1.0,10,2019-08-26 04:00:00,2019-11-06 04:59:00,2019-08-24 20:24:02,2019-11-03 21:05:26,1,34,23.0,3,37.0,1.0,1,1,Jayo in the news with a novice Help Desk Operator,5
150,153,Microsoft Excel,"<p>Ch 16: Functions, Tables, Large Workbooks &amp; Pie Charts</p>\n",,,1.0,10,2019-08-26 04:00:00,2019-11-08 04:59:00,2019-08-24 20:25:42,2019-11-07 03:25:21,1,34,23.0,3,37.0,1.0,1,1,Yamia basics for a Senior Cost Accountant,5
151,154,Microsoft PowerPoint,<p>Ch 18: Getting started with Microsoft PowerPoint</p>\n,,,1.0,10,2019-08-26 04:00:00,2019-11-20 04:59:00,2019-08-24 20:27:06,2019-11-17 21:02:33,1,34,23.0,3,37.0,1.0,1,1,Buzzdog and Food Pyramids - for the Human Resources Manager,5
152,155,How machines work,<p>Chapter 2: Hardware</p>\n,,,0.0,10,2019-08-28 04:00:00,2019-09-06 03:59:00,2019-08-24 20:30:57,2019-09-02 18:30:20,1,36,24.0,3,0.0,1.0,1,1,Thoughtbeat basics for a Budget/Accounting Analyst II,5
153,156,How machines work,<p>Ch 3: System Software</p>\n,,,0.0,10,2019-08-28 04:00:00,2019-09-11 03:59:00,2019-08-24 20:30:57,2019-09-09 04:05:17,1,36,24.0,2,0.0,1.0,1,1,Avaveo and Food Pyramids - for the Food Chemist,5
154,157,How machines work,"<p>Ch 4: Networks, Security &amp; Privacy</p>\n",,,0.0,10,2019-08-28 04:00:00,2019-09-13 03:59:00,2019-08-24 20:30:57,2019-09-09 14:12:31,1,36,24.0,2,0.0,1.0,1,1,Vipe for an expert Research Nurse,5
155,158,Microsoft Word,<p>Ch 11: Introduction to Microsoft Office 2016</p>\n,,,1.0,10,2019-08-28 04:00:00,2019-09-20 03:59:00,2019-08-24 20:30:57,2019-09-18 17:16:45,1,36,24.0,3,37.0,1.0,1,1,Demizz basics for a Dental Hygienist,5
156,159,Microsoft Word,<p>Ch 12: Creating Documents with Microsoft Word 2016</p>\n,,,1.0,10,2019-08-28 04:00:00,2019-09-25 03:59:00,2019-08-24 20:30:57,2019-09-22 21:49:43,1,36,24.0,3,37.0,1.0,1,1,DabZ basics for a Desktop Support Technician,5
157,160,Microsoft Word,<p>Ch 13: Creating Cover Letters and Using Tables to Create Resumes</p>\n,,,1.0,10,2019-08-28 04:00:00,2019-09-27 03:59:00,2019-08-24 20:30:57,2019-09-25 14:13:36,1,36,24.0,2,37.0,1.0,1,1,Edgepulse and Food Pyramids - for the Help Desk Technician,5
158,161,Microsoft Word,"<p>Ch 14: Creating Research Papers, Newsletters, and Merged Mailing Lists</p>\n",,,1.0,10,2019-08-28 04:00:00,2019-10-04 03:59:00,2019-08-24 20:30:57,2019-10-01 03:39:13,1,36,24.0,3,37.0,1.0,1,1,Devbug in the news with a novice Senior Editor,5
159,162,Machines and people,<p>Ch 5: Troubleshooting and Maintenance</p>\n,,,1.0,10,2019-08-28 04:00:00,2019-10-18 03:59:00,2019-08-24 20:30:57,2019-10-14 14:38:58,1,36,24.0,3,37.0,1.0,1,1,Divape for an expert Professor,5
160,163,Machines and people,<p>Ch 6: Application Software &amp; Business Communication Tools</p>\n,,,1.0,10,2019-08-28 04:00:00,2019-10-23 03:59:00,2019-08-24 20:30:57,2019-10-19 23:40:22,1,36,24.0,3,37.0,1.0,1,1,Jaloo for an expert Programmer IV,5
161,164,Machines and people,<p>Ch 7: Internet</p>\n,,,1.0,10,2019-08-28 04:00:00,2019-10-25 03:59:00,2019-08-24 20:30:57,2019-10-22 03:48:03,1,36,24.0,3,37.0,1.0,1,1,Thoughtblab basics for a Software Consultant,5
162,165,Machines and people,<p>Ch 8: Digital Ethics &amp; Awareness</p>\n,,,1.0,10,2019-08-28 04:00:00,2019-10-30 03:59:00,2019-08-24 20:30:57,2019-10-26 21:17:59,1,36,24.0,3,37.0,1.0,1,1,Thoughtworks for an expert Research Nurse,5
163,166,Microsoft Excel,<p>Ch 15: Introducing Microsoft Excel 2016</p>\n,,,1.0,10,2019-08-28 04:00:00,2019-11-06 04:59:00,2019-08-24 20:30:57,2019-11-03 21:25:06,1,36,24.0,3,37.0,1.0,1,1,Feednation for an expert Developer III,5
164,167,Microsoft Excel,"<p>Ch 16: Functions, Tables, Large Workbooks &amp; Pie Charts</p>\n",,,1.0,10,2019-08-28 04:00:00,2019-11-08 04:59:00,2019-08-24 20:30:57,2019-11-07 03:25:26,1,36,24.0,3,37.0,1.0,1,1,Realbridge in the news with a novice Research Nurse,5
165,168,Microsoft PowerPoint,<p>Ch 18: Getting started with Microsoft PowerPoint</p>\n,,,1.0,10,2019-08-28 04:00:00,2019-11-20 04:59:00,2019-08-24 20:30:57,2019-11-17 21:02:20,1,36,24.0,3,37.0,1.0,1,1,Quimm for an expert Help Desk Technician,5
166,169,Human Computer Interaction,Ch 2: Exploring the Human-Computer Interface,,,0.0,10,2019-08-26 04:00:00,2019-09-05 03:59:00,2019-08-26 18:57:12,2019-09-01 15:54:09,1,33,,3,,1.0,1,1,Jazzy for an expert Software Engineer II,5
167,170,Finding information,<p>Ch 3: The Basics of Networking</p>\n,,,0.0,10,2019-08-25 04:00:00,2019-09-10 03:59:00,2019-08-26 18:58:37,2019-09-09 01:34:36,1,33,25.0,3,0.0,1.0,1,1,Roodel in the news with a novice Senior Developer,5
168,171,Finding information,Ch 4: A Hypertext Markup Language Primer,,,1.0,10,2019-09-06 04:00:00,2019-09-14 03:59:00,2019-08-26 19:07:34,2019-09-10 04:21:01,1,33,25.0,3,37.0,,1,0,Voonte and Food Pyramids - for the Quality Engineer,5
169,172,ER Modeling,Ch 2: Relational Database Modeling,,,0.0,10,2019-08-26 04:00:00,2019-09-10 03:59:00,2019-08-26 19:23:52,2019-09-09 03:25:12,1,35,,3,,1.0,1,1,Eadel in the news with a novice Recruiting Manager,5
170,174,Finding Information,<p>Ch 5</p>\n,,,1.0,10,2019-09-09 04:00:00,2019-09-21 03:59:00,2019-09-09 15:10:16,2019-09-17 04:21:02,1,33,25.0,3,37.0,1.0,1,1,Ooba and Food Pyramids - for the Senior Financial Analyst,5
171,175,Relational Modeling,Chapter 3: Relational Database Modeling,,,1.0,10,2019-09-08 04:00:00,2019-09-19 03:59:00,2019-09-09 17:17:50,2019-09-17 13:43:16,1,35,26.0,3,37.0,1.0,1,1,Jabbercube basics for a Media Manager I,5
172,176,Updates and Normalization,"Ch 4: Update Operations, Update Anomalies, and Normalization",,,1.0,10,2019-08-26 04:00:00,2019-10-08 03:59:00,2019-09-16 17:05:40,2019-10-07 02:11:10,1,35,26.0,3,37.0,1.0,1,1,Jaxnation in the news with a novice Computer Systems Analyst II,5
173,177,SQL,Ch 5: SQL,,,1.0,10,2019-09-16 04:00:00,2019-10-22 03:59:00,2019-09-16 17:07:43,2019-10-19 22:14:31,1,35,26.0,3,37.0,1.0,1,1,Trunyx basics for a GIS Technical Architect,5
174,178,More on implementation,<p>Ch 6: Database Implementation and Use</p>\n,,,1.0,10,2019-09-15 04:00:00,2019-11-05 04:59:00,2019-09-16 17:09:06,2019-11-03 19:57:00,1,35,26.0,3,37.0,1.0,1,1,Babbleopia for an expert Quality Control Specialist,5
175,179,DBMS/DBA,Ch 10: Overview of DBMS functionalities and Database Administration,,,1.0,10,2019-09-16 04:00:00,2019-11-19 04:59:00,2019-09-16 17:12:16,2019-11-17 18:57:34,1,35,26.0,3,37.0,1.0,1,1,Fivespan in the news with a novice Graphic Designer,5
176,180,Troubleshooting,Ch 6: An introduction to debugging,,,1.0,10,2019-09-16 04:00:00,2019-09-26 03:59:00,2019-09-16 17:35:51,2019-09-23 16:25:17,1,33,25.0,3,37.0,1.0,1,1,Edgeify and Food Pyramids - for the Web Designer IV,5
177,181,Working with Digital Information,Ch 7: Representing Information Digitally,,,1.0,10,2019-09-16 04:00:00,2019-10-01 03:59:00,2019-09-16 17:41:16,2019-09-29 02:10:16,1,33,25.0,3,37.0,1.0,1,1,Buzzshare basics for a Database Administrator II,5
178,182,Working with Digital Information,Ch 8: Representing Multimedia Digitally,,,1.0,10,2019-09-16 04:00:00,2019-10-05 03:59:00,2019-09-16 17:41:51,2019-10-02 03:03:38,1,33,25.0,3,37.0,1.0,1,1,Edgepulse and Food Pyramids - for the Safety Technician I,5
179,183,Working with Digital Information,Ch 9: Principles of Computer Operations,,,1.0,10,2019-09-16 04:00:00,2019-10-08 03:59:00,2019-09-16 17:42:41,2019-10-07 02:10:55,1,33,25.0,3,37.0,1.0,1,1,Browseblab for an expert Help Desk Technician,5
180,184,Algorithms,Ch 10: Algorithmic Thinking,,,1.0,10,2019-09-16 04:00:00,2019-10-12 03:59:00,2019-09-16 17:43:22,2019-10-09 15:05:31,1,33,25.0,3,37.0,1.0,1,1,Feedspan basics for a Occupational Therapist,5
181,185,Data and Society,<p>Ch 11: Social implications of IT</p>\n,,,1.0,10,2019-09-16 04:00:00,2019-10-22 03:59:00,2019-09-16 17:44:04,2019-10-19 21:11:27,1,33,25.0,3,37.0,1.0,1,1,Innojam for an expert Dental Hygienist,5
182,186,Data and Society,Ch 12: Privacy and Digital Security,,,1.0,10,2019-08-25 04:00:00,2019-10-26 03:59:00,2019-09-16 17:46:32,2019-10-24 02:59:07,1,33,25.0,3,37.0,1.0,1,1,Blogspan for an expert Web Designer I,5
183,187,Structured Data,Ch 13: The Basics of Spreadsheets,,,1.0,10,2019-08-25 04:00:00,2019-10-29 03:59:00,2019-09-16 17:47:28,2019-10-26 17:59:25,1,33,25.0,3,37.0,1.0,1,1,Brightdog basics for a Biostatistician II,5
184,188,Structured Data,Ch 14: Advanced Spreadsheets for Planning,,,1.0,10,2019-08-25 04:00:00,2019-11-02 03:59:00,2019-09-16 17:48:02,2019-10-30 17:41:36,1,33,25.0,3,37.0,1.0,1,1,Skinte for an expert Junior Executive,5
185,189,Structured Data,Ch 15: Introduction to Database Concepts,,,1.0,10,2019-08-25 04:00:00,2019-11-05 04:59:00,2019-09-16 17:48:38,2019-11-03 20:38:50,1,33,25.0,3,37.0,1.0,1,1,Agimba and Food Pyramids - for the Structural Engineer,5
186,190,Structured Data,Ch 16: A Case Study in Database Organization,,,1.0,10,2019-08-25 04:00:00,2019-11-07 04:59:00,2019-09-16 17:49:18,2019-11-04 19:11:40,1,33,25.0,3,37.0,1.0,1,1,Twitterworks and Food Pyramids - for the Environmental Specialist,5
187,191,Programming,Ch 17: Fundamental Concepts Expressed in JavaScript,,,1.0,10,2019-08-25 04:00:00,2019-11-12 04:59:00,2019-09-16 17:50:12,2019-11-08 15:48:20,1,33,25.0,3,37.0,1.0,1,1,Twinte for an expert Business Systems Development Analyst,5
188,192,Programming,Ch 18: A JavaScript Program,,,1.0,10,2019-08-25 04:00:00,2019-11-14 04:59:00,2019-09-16 17:50:43,2019-11-11 18:56:09,1,33,25.0,3,37.0,1.0,1,1,Kwinu and Food Pyramids - for the Account Executive,5
189,193,Flow Control,Ch 19: Programming Functions,,,1.0,10,2019-08-25 04:00:00,2019-11-19 04:59:00,2019-09-16 17:51:28,2019-11-17 19:15:29,1,33,25.0,3,37.0,1.0,1,1,Edgepulse and Food Pyramids - for the Help Desk Operator,5
190,194,Flow Control,Ch 20: Iteration Principles,,,1.0,10,2019-08-25 04:00:00,2019-11-21 04:59:00,2019-09-16 17:52:00,2019-11-17 20:42:25,1,33,25.0,3,37.0,1.0,1,1,Thoughtstorm basics for a Registered Nurse,5
191,195,What Is the zone of proximal development?,"<p>McLeod, S. (2019). What Is the zone of proximal development? Simply Psychology. Retrieved from <a href=\""https://www.simplypsychology.org/Zone-of-Proximal-Development.html\"" target=\""_blank\"">https://www.simplypsychology.org/Zone-of-Proximal-Development.html</a>&nbsp;</p>\n",,,,10,2020-01-22 05:00:00,2020-02-06 04:59:00,2020-01-27 14:47:58,2020-02-04 10:23:19,1,38,,3,0.0,1.0,1,1,Twitterwire basics for a Quality Engineer,5
192,196,Brief introduction to the concept of community of practice and its uses across sectors,"Wenger-Trayner, E., & Wenger-Trayner, B. (2011). Brief introduction to the concept of community of practice and its uses across sectors.",,,,10,2020-01-22 05:00:00,2020-02-08 04:59:00,2020-01-27 14:50:12,2020-02-06 16:19:46,1,38,,3,,1.0,1,1,Skippad for an expert Research Nurse,5
193,197,Scientific foundations: A case for technology- mediated social- participation theory,"<p>Kraut, R., Maher, M. Lou, Olson, J., Malone, T. W., Pirolli, P., &amp; Thomas, J. C. (2010). Scientific foundations: A case for technology- mediated social- participation theory. Computer, 43(11), 22–28. <a href=\""https://doi.org/10.1109/MC.2010.324\"" target=\""_blank\"">https://doi.org/10.1109/MC.2010.324</a>&nbsp;</p>\n",,,1.0,10,2020-02-02 05:00:00,2020-02-11 04:59:00,2020-01-31 19:03:13,2020-02-10 04:04:39,1,38,28.0,1,30.0,1.0,1,1,Meejo and Food Pyramids - for the Analog Circuit Design manager,5
194,198,Principles for Teaching Problem Solving,"<p>Foshay, R., &amp; Kirkley, J. (2003). Principles for Teaching Problem Solving. Indiana.</p>\n",,,1.0,10,2020-02-02 05:00:00,2020-02-13 04:59:00,2020-01-31 20:28:25,2020-02-11 17:35:49,1,38,28.0,3,30.0,1.0,1,1,Lazzy in the news with a novice Project Manager,5
195,199,Virtual teams and computer-supported cooperative work,"<p style=\""text-align:start;\""></p>\n<p><span style=\""color: rgb(85,85,85);background-color: rgb(255,255,255);font-size: 12px;font-family: Open Sans;\"">Wallace, P. M. (2004). Virtual teams and computer-supported cooperative work. In The Internet in the Workplace (Vol. 11, p. 182).</span> <a href=\""https://doi.org/10.2307/1483387\"" target=\""_blank\""><span style=\""color: rgb(1,68,138);background-color: rgb(255,255,255);font-size: 12px;font-family: Open Sans;\"">https://doi.org/10.2307/1483387</span></a></p>\n",,,1.0,10,2020-02-02 05:00:00,2020-02-15 04:59:00,2020-01-31 20:29:42,2020-02-13 03:01:37,1,38,28.0,3,30.0,1.0,1,1,Realbuzz in the news with a novice Project Manager,5
196,200,Make Tools Like Slack Work for Your Company,"<p><span style=\""color: rgb(51,51,51);background-color: rgb(255,255,255);font-size: 12px;font-family: Open Sans\"", sans-serif;\"">Nickisch, C., Neeley, T., &amp; Leonardi, P. (2018). Make Tools Like Slack Work for Your Company. Retrieved from HBR IdeaCast website:</span> <a href=\""https://hbr.org/podcast/2018/02/make-tools-like-slack-work-for-your-company\"" target=\""_blank\""><span style=\""color: rgb(34,34,34);background-color: rgb(255,255,255);font-size: 12px;font-family: Open Sans\"", sans-serif;\"">https://hbr.org/podcast/2018/02/make-tools-like-slack-work-for-your-company</span></a>&nbsp;</p>\n",,,1.0,10,2020-02-08 05:00:00,2020-02-20 04:59:00,2020-01-31 20:35:38,2020-02-17 19:24:21,1,38,28.0,3,30.0,1.0,1,1,Rhyloo basics for a Budget/Accounting Analyst IV,5
197,201,Wikis and Blogs,"<p><span style=\""color: rgb(51,51,51);background-color: rgb(255,255,255);font-size: 12px;font-family: Open Sans\"", sans-serif;\"">Grassley, J. S., &amp; Bartoletti, R. (2009). Wikis and Blogs. Nurse Educator, 34(5), 209–213.</span> <a href=\""https://doi.org/10.1097/nne.0b013e3181b2b59b\"" target=\""_blank\""><span style=\""color: rgb(1,68,138);background-color: rgb(255,255,255);font-size: 12px;font-family: Open Sans\"", sans-serif;\"">https://doi.org/10.1097/nne.0b013e3181b2b59b</span></a>&nbsp;</p>\n",,,1.0,10,2020-02-08 05:00:00,2020-02-27 04:59:00,2020-01-31 20:37:52,2020-02-24 18:53:42,1,38,28.0,3,30.0,1.0,1,1,Zoonoodle basics for a GIS Technical Architect,5
198,202,Collaboration Tools,"<p>Lomas, C., Burke, M., &amp; Page, C. L. (2008). Collaboration Tools. EDUCAUSE Learning Initiative, ELI Paper, 2, 1–11. <a href=\""https://doi.org/10.1002/9781119163404.app4a\"" target=\""_blank\"">https://doi.org/10.1002/9781119163404.app4a</a>&nbsp;</p>\n",,,1.0,10,2020-02-15 05:00:00,2020-03-03 04:59:00,2020-01-31 20:50:47,2020-03-01 18:44:07,1,38,28.0,3,30.0,1.0,1,1,Skaboo for an expert Programmer I,5
199,203,The silver lining: A teaching case using Google Docs to illustrate cloud computing concepts,"Frydenberg, M. (2011). The silver lining: A teaching case using Google Docs to illustrate cloud computing concepts. Proceedings of ISECON, 1–13.",,,1.0,10,2020-02-21 05:00:00,2020-03-07 04:59:00,2020-01-31 20:56:43,2020-03-04 12:59:28,1,38,28.0,3,10.0,1.0,1,1,Mymm and Food Pyramids - for the Financial Advisor,5
200,204,Designing Learning Environments to Support Problem Solving,"Jonassen, D. H. (2004). Designing Learning Environments to Support Problem Solving. In Learning to Solve Problems: An Instructional Design Guide (pp. 19–46). San Francisco, CA: Pfeiffer.",,,1.0,10,2020-02-29 05:00:00,2020-03-10 03:59:00,2020-01-31 21:05:37,2020-03-09 01:42:42,1,38,28.0,3,10.0,1.0,1,1,Twinder basics for a Programmer IV,5
201,205,Your choice of Design Case,"<p>Your choice of:</p>\n<ul>\n<li><span style=\""color: rgb(51,51,51);background-color: rgb(255,255,255);font-size: 12px;font-family: Open Sans\"", sans-serif;\"">Brailas, A., Koskinas, K., &amp; Alexias, G. (2016). Design and Implementation of a Web-Based System to Support Collective Reflective Practice. International Journal of Designs for Learning, 7(3), 95–104.</span> <a href=\""https://doi.org/10.14434/ijdl.v7i3.18864\"" target=\""_blank\""><span style=\""color: rgb(1,68,138);background-color: rgb(255,255,255);font-size: 12px;font-family: Open Sans\"", sans-serif;\"">https://doi.org/10.14434/ijdl.v7i3.18864</span></a></li>\n<li><span style=\""color: rgb(51,51,51);background-color: rgb(255,255,255);font-size: 13px;font-family: Open Sans\"", sans-serif;\"">Hsu, P.-S., Adulseranee, R., Newman, E., Underwood, J., Wills, C., &amp; Van Dyke, M. (2016). Designing an Online Graph-Oriented Collaborative Argumentation Tool for Middle School Students: A Faculty Expert’s Perspective. International Journal of Designs for Learning, 7(3), 34–41.</span> <a href=\""https://doi.org/10.14434/ijdl.v7i3.13469\"" target=\""_blank\""><span style=\""color: rgb(1,68,138);background-color: rgb(255,255,255);font-size: 13px;font-family: Open Sans\"", sans-serif;\"">https://doi.org/10.14434/ijdl.v7i3.13469</span></a>&nbsp;</li>\n</ul>\n",,,1.0,10,2020-03-14 04:00:00,2020-03-26 03:59:00,2020-01-31 21:12:23,2020-03-25 02:15:02,1,38,28.0,3,30.0,1.0,1,1,Dabtype and Food Pyramids - for the Assistant Professor,5
202,206,Designing MOOCs for success,"<p><span style=\""color: rgb(51,51,51);background-color: rgb(255,255,255);font-size: 13px;font-family: Open Sans\"", sans-serif;\"">Kevan, J. M., Menchaca, M. P., &amp; Hoffman, E. S. (2016). Designing MOOCs for success. In</span> <span style=\""color: rgb(51,51,51);background-color: rgb(255,255,255);font-size: 13px;font-family: Open Sans\"", sans-serif;\"">Proceedings of the Sixth International Conference on Learning Analytics &amp; Knowledge - LAK ’16</span> <span style=\""color: rgb(51,51,51);background-color: rgb(255,255,255);font-size: 13px;font-family: Open Sans\"", sans-serif;\"">(pp. 274–278). New York, New York, USA: ACM Press.</span> <a href=\""https://doi.org/10.1145/2883851.2883941\"" target=\""_blank\""><span style=\""color: rgb(1,68,138);background-color: rgb(255,255,255);font-size: 13px;font-family: Open Sans\"", sans-serif;\"">https://doi.org/10.1145/2883851.2883941</span></a>&nbsp;</p>\n",,,1.0,10,2020-03-14 04:00:00,2020-03-31 03:59:00,2020-01-31 21:17:44,2020-03-29 20:38:16,1,38,28.0,3,30.0,1.0,1,1,Youfeed basics for a Senior Financial Analyst,5
203,207,Group work as terrains of learning for students in South African higher education,"Thondhlana, G., & Belluigi, D. Z. (2014). Group work as “terrains of learning” for students in South African higher education. Perspectives in Education, 32(4), 40–55.",,,1.0,10,2020-03-21 04:00:00,2020-04-07 03:59:00,2020-01-31 21:24:21,2020-04-05 20:42:05,1,38,28.0,3,30.0,1.0,1,1,Gabtype and Food Pyramids - for the Clinical Specialist,5
204,208,Why Some Teams Are Smarter Than Others?,"<p><span style=\""color: rgb(51,51,51);background-color: rgb(255,255,255);font-size: 13px;font-family: Open Sans\"", sans-serif;\"">Woolley, A. W., Malone, T. W., &amp; Chabris, C. F. (2015). Why Some Teams Are Smarter Than Others.</span> <span style=\""color: rgb(51,51,51);background-color: rgb(255,255,255);font-size: 13px;font-family: Open Sans\"", sans-serif;\"">The New York Times, p. SR5. Retrieved from</span> <a href=\""http://nyti.ms/1xy37MK\"" target=\""_blank\""><span style=\""color: rgb(1,68,138);background-color: rgb(255,255,255);font-size: 13px;font-family: Open Sans\"", sans-serif;\"">http://nyti.ms/1xy37MK</span></a>&nbsp;</p>\n",,,1.0,10,2020-01-22 05:00:00,2020-04-18 03:59:00,2020-01-31 21:28:41,2020-04-16 19:36:22,1,38,28.0,3,30.0,1.0,1,1,Agimba and Food Pyramids - for the Executive Secretary,5
205,209,Some relevant learning theories,"<ul>\n<li>Ertmer, P. A., &amp; Newby, T. J. (1993). Behaviorism, cognitivism, constructivism: Comparing critical features from an instructional design perspective. Performance Improvement Quarterly, 6(4), 50–71. doi: 10.1111/j.1937-8327.1993.tb00605.x</li>\n<li>McLeod, S. (2019). What Is the zone of proximal development? Simply Psychology</li>\n</ul>\n",,,0.0,10,2020-08-23 04:00:00,2020-09-01 03:59:00,2020-08-23 00:05:24,2020-08-29 22:41:08,1,42,31.0,2,0.0,1.0,1,1,Tagchat for an expert Chief Design Engineer,5
206,210,The Debate,"<ul>\r\n<li>Clark, R. E., & Clark, R. E. (2007). Reconsidering Research on Learning from Media. Review of Educational Research, 53(4), 445–459.</li>\r\n<li>Kozma, R. B. (1994). Will media influence learning? Reframing the debate. Educational Technology Research and Development, 42(2), 7–19. </li>\r\n</ul>",,,1.0,10,2020-08-23 04:00:00,2020-09-08 03:59:00,2020-08-23 00:27:09,2020-09-07 03:41:16,1,42,31.0,3,35.0,1.0,1,1,Wordify and Food Pyramids - for the General Manager,5
207,212,Learning Management Systems,"<ul>\n<li>Bitzer, M. (1966). Laboratory, Clinical nursing instruction via the PLATO simulated. Nursing Research, 15(2), 144–150.</li>\n<li><span style=\""color: rgb(0,0,0);background-color: transparent;font-size: 11pt;font-family: Arial;\"">Papert, S., &amp; Solomon, C. (1972). TWENTY THINGS TO DO WITH COMPUTER. Educational Technology Magazine.</span></li>\n</ul>\n",,,1.0,10,2020-08-23 04:00:00,2020-09-15 03:59:00,2020-09-08 03:14:06,2020-09-14 04:01:24,1,42,31.0,1,37.0,1.0,1,1,Kaymbo basics for a Food Chemist,5
208,213,Assessment,"<ul>\n<li>Hoadley, C., &amp; Van Haneghan, J. (2011). The Learning Scienes: Where they came from and what it means for instrucitonal designers. Trends and Issues in Instructional Design and Technology, 1(January), 53–63. doi:10.1017/CBO9781107415324.004</li>\n<li>Khan, I., &amp; Pardo, A. (2016). Data2U: Scalable real time student feedback in active learning environments. In Proceedings of the Sixth International Conference on Learning Analytics &amp; Knowledge - LAK ’16 (pp. 249–253). New York, New York, USA: ACM Press. doi:10.1145/2883851.2883911</li>\n</ul>\n",,,1.0,10,2020-08-23 04:00:00,2020-09-26 03:59:00,2020-09-14 12:57:56,2020-09-21 02:34:25,1,42,31.0,6,37.0,1.0,1,1,Zoonder and Food Pyramids - for the Sales Representative,5
209,214,Collaboration,"<ul>\n<li>Modell, M. G. (2020). “Bingo!” Do we have a winner? International Journal of Designs for Learning, 11(3), 23–35. https://doi.org/10.14434/ijdl.v11i3.23976</li>\n<li><span style=\""color: rgb(0,0,0);background-color: transparent;font-size: 11pt;font-family: Arial;\"">Knutas, A., Ikonen, J., Nikula, U., &amp; Porras, J. (2014). Increasing collaborative communications in a programming course with gamification, 370–377. doi:10.1145/2659532.2659620</span>&nbsp;</li>\n</ul>\n",,,1.0,10,2020-08-23 04:00:00,2020-10-17 03:59:00,2020-10-05 03:53:33,2020-10-13 04:40:56,1,42,31.0,5,37.0,1.0,1,1,Geba in the news with a novice Food Chemist,5
210,215,ADDIE (Instructional Design),"<ul>\n<li>Molenda, M. (2003). In search of the elusive ADDIE model. Performance Improvement, 42(5), 34–37.</li>\n<li><span style=\""color: rgb(0,0,0);background-color: transparent;font-size: 11pt;font-family: Arial;\"">Reigeluth, C.M., Merrill, M.D., Wilson, B.G. et al. The elaboration theory of instruction: A model for sequencing and synthesizing instruction. Instr Sci 9, 195–219 (1980). doi:10.1007/BF00177327</span>&nbsp;</li>\n</ul>\n",,,1.0,10,2020-08-23 04:00:00,2020-10-24 03:59:00,2020-10-05 04:03:11,2020-10-19 03:38:51,1,42,31.0,5,37.0,1.0,1,1,Dablist and Food Pyramids - for the Compensation Analyst,5
211,216,Learning Analytics & Gamification,"<ul>\n<li>Schwendimann, B. A., Rodríguez-Triana, M. J., Vozniuk, A., Prieto, L. P., Boroujeni, M. S., Holzer, A., … Dillenbourg, P. (2016). Understanding learning at a glance: An overview of learning dashboard studies. In Proceedings of the Sixth International Conference on Learning Analytics &amp; Knowledge - LAK ’16 (pp. 532–533). New York, New York, USA: ACM Press. doi:10.1145/2883851.2883930</li>\n<li><span style=\""color: rgb(0,0,0);background-color: transparent;font-size: 11pt;font-family: Arial;\"">Gee, J. P. (2005). Good video games and good learning. Phi Kappa Phi Forum. </span></li>\n<li><span style=\""color: rgb(0,0,0);background-color: transparent;font-size: 11pt;font-family: Arial;\"">Dede, C. (1996). The evolution of constructivist learning environments: Immersion in distributed, virtual worlds. In B. Wilson (Ed.), Constructivist learning environments: Case studies in instructional design (pp. 165–178). Englewood Cliffs, NJ: Educational Technology Publications, Inc.</span>&nbsp;</li>\n</ul>\n",,,1.0,10,2020-08-23 04:00:00,2020-10-31 03:59:00,2020-10-05 04:29:17,2020-10-26 03:54:53,1,42,31.0,5,37.0,1.0,1,1,Trilith in the news with a novice Senior Developer,5
212,217,"Sketching, Preparing and PRInCiPleS","<ul>\r\n<li>Blevis, E. (2013). The PRInCiPleS Design Framework. In Creativity and Rationale (pp. 143–169). doi:10.1007/978-1-4471-4111-2</li>\r\n<li><a href=\""https://computer.howstuffworks.com/internet/basics/podcasting.htm\"">How podcasting works</a></li>\r\n<li>An episode of <a href=\""https://99percentinvisible.org/episodes/\"">99% Invisible Podcast</a></li>\r\n</ul>",,,,10,2021-02-01 05:00:00,2021-03-14 04:59:00,2021-01-23 20:50:30,2021-03-07 23:18:35,1,43,,6,,1.0,1,1,Gigazoom basics for a Cost Accountant,5
213,218,Teamwork and Understanding the Problem,"Fischer, G. (2005). Distances and diversity: sources for social creativity. Proceedings of the 5th Conference on Creativity & Cognition, 128–136.",,,,10,2021-02-01 05:00:00,2021-02-21 04:59:00,2021-01-23 20:54:25,2021-02-15 03:05:16,1,43,,6,,1.0,1,1,Bluejam in the news with a novice Business Systems Development Analyst,5
214,219,History of HCI: Context,"<p>Norman, Ch 1</p>\n",,,1.0,10,2021-02-01 05:00:00,2021-02-28 04:59:00,2021-01-23 21:02:10,2021-02-22 05:27:35,1,43,32.0,6,37.0,1.0,1,1,Zooveo in the news with a novice Recruiter,5
215,220,Who will use it? Human Cognition,"<p>Norman, Ch 2</p>\n",,,1.0,10,2021-02-01 05:00:00,2021-03-07 04:59:00,2021-01-23 21:03:34,2021-03-01 04:01:24,1,43,32.0,6,37.0,1.0,1,1,Vinder basics for a Accountant IV,5
216,221,Prototyping and Iterating,"<ul>\n<li>Modell, M. G. (2013). Iterating Alone over a Method and Tool to Facilitate Equitable Assessment of Group Work. International Journal of Designs for Learning, 4(1), 39–53. doi:10.14434/ijdl.v4i1.3283</li>\n<li>Norman, Chapter 3</li>\n</ul>\n",,,1.0,10,2021-02-01 05:00:00,2021-03-21 03:59:00,2021-01-23 21:05:43,2021-03-15 02:55:33,1,43,32.0,6,37.0,1.0,1,1,Nlounge in the news with a novice Human Resources Manager,5
217,222,Being useful and Inverse Design,"Norman, Ch. 4",,,1.0,10,2021-02-01 05:00:00,2021-03-28 03:59:00,2021-01-23 21:08:18,2021-03-21 18:08:03,1,43,32.0,6,37.0,1.0,1,1,Devpoint basics for a Web Developer II,5
218,223,Distributed Cognition and Participatory Design,"Norman, Ch 5",,,1.0,10,2021-02-01 05:00:00,2021-04-04 03:59:00,2021-01-23 21:11:25,2021-04-01 19:31:56,1,43,32.0,3,37.0,1.0,1,1,Devbug for an expert Chief Design Engineer,5
219,224,Lenses and Activity Theory,"Norman, Ch 6",,,1.0,10,2021-02-01 05:00:00,2021-04-11 03:59:00,2021-01-23 21:12:41,2021-04-08 02:20:07,1,43,32.0,3,6.0,1.0,1,1,Voolith in the news with a novice Speech Pathologist,5
220,225,Testing and Being Critical,"<A target=\""_top\"" href=\""https://youtu.be/VS6EEUVZGLE\"">What is Behavior-Driven Development?</a>",,,1.0,10,2021-02-01 05:00:00,2021-04-18 03:59:00,2021-01-23 21:15:30,2021-04-12 00:49:34,1,43,32.0,6,37.0,1.0,1,1,Npath and Food Pyramids - for the Financial Analyst,5
221,226,Presenting your WebApp Redesign,"Norman, Ch 7",,,1.0,10,2021-02-01 05:00:00,2021-05-02 03:59:00,2021-01-23 21:16:27,2021-04-25 21:29:47,1,43,32.0,6,37.0,1.0,1,1,Podcat for an expert Marketing Manager,5
222,227,Gamification and the role of the Designer,"GDW: 3, 12",,,1.0,10,2021-01-31 05:00:00,2021-02-21 04:59:00,2021-01-24 02:17:36,2021-02-15 03:45:50,1,44,33.0,6,37.0,1.0,1,1,Yotz basics for a Technical Writer,5
223,228,Dramatic Elements and System Dynamics,"GDW: 4, 5",,,1.0,10,2021-01-31 05:00:00,2021-02-28 04:59:00,2021-01-24 02:20:02,2021-02-22 04:31:22,1,44,33.0,6,37.0,1.0,1,1,Dabshots basics for a Paralegal,5
224,229,Prototyping and Improving and Who plays?,"<ul>\n<li>GDW: 7</li>\n<li><span style=\""color: rgb(0,0,0);background-color: transparent;font-size: 11pt;font-family: Arial;\"">Muntean, C. C. I. (2011). Raising engagement in e-learning through gamification.</span></li>\n</ul>\n",,,1.0,10,2021-01-31 05:00:00,2021-03-07 04:59:00,2021-01-24 02:22:02,2021-03-01 03:31:53,1,44,33.0,6,37.0,1.0,1,1,Topicware basics for a Librarian,5
225,230,Was it fun? Game Mechanics and Aesthetics,"<ul>\n<li>AoGD: 8</li>\n<li>WS: 10</li>\n<li><a href=\""http://www.designersnotebook.com/Design_Resources/No_Twinkie_Database/no_twinkie_database.htm\"" target=\""_blank\"">The No Twinkie Database</a>&nbsp;</li>\n</ul>\n",,,1.0,10,2021-01-31 05:00:00,2021-03-14 04:59:00,2021-01-24 02:24:25,2021-03-08 05:13:58,1,44,33.0,6,37.0,1.0,1,1,Dynazzy in the news with a novice Electrical Engineer,5
226,231,Playtesting,GDW: 9,,,1.0,10,2021-01-31 05:00:00,2021-03-21 03:59:00,2021-01-24 02:25:53,2021-03-15 03:26:14,1,44,33.0,6,37.0,1.0,1,1,Meevee basics for a Assistant Manager,5
227,232,Design Docs and Pitches,"GDW: 14, 11",,,1.0,10,2021-01-31 05:00:00,2021-03-28 03:59:00,2021-01-24 02:27:13,2021-03-21 18:59:11,1,44,33.0,6,37.0,1.0,1,1,Oodoo in the news with a novice Legal Assistant,5
228,233,Game development and Modality,GDW: 13,,,1.0,10,2021-01-31 05:00:00,2021-04-04 03:59:00,2021-01-24 02:35:47,2021-03-29 01:12:13,1,44,33.0,6,37.0,1.0,1,1,Fadeo basics for a VP Accounting,5
229,234,Game industry and Pitching,"AoGD: 15, 22, 30",,,1.0,10,2021-01-31 05:00:00,2021-04-11 03:59:00,2021-01-24 02:36:59,2021-04-04 16:36:41,1,44,33.0,6,37.0,1.0,1,1,Pixope and Food Pyramids - for the Pharmacist,5
230,235,Transformation and Intellectual Property,"<ul>\n<li>AoGD: 32</li>\n<li><a href=\""http://hcsoftware.sourceforge.net/jason-rohrer/\"" target=\""_blank\"">Jason Roher</a> (explore)</li>\n<li><a href=\""https://www.gamasutra.com/view/feature/131951/hey_thats_my_game_intellectual_.php\"" target=\""_blank\"">Hey, thats my game!</a>&nbsp;</li>\n</ul>\n",,,1.0,10,2021-01-31 05:00:00,2021-05-09 03:59:00,2021-01-24 02:38:07,2021-05-02 20:14:01,1,44,33.0,6,37.0,1.0,1,1,Tagtune and Food Pyramids - for the Associate Professor,5
231,236,Introduction to Grants,<ul>\n<li>Introduction</li>\n<li>Chapter 1</li>\n</ul>\n,,,0.0,10,2021-02-01 05:00:00,2021-02-14 04:59:00,2021-01-25 03:22:51,2021-02-08 04:14:22,1,45,34.0,6,0.0,1.0,1,1,Abata in the news with a novice Internal Auditor,5
232,237,Finding Money,Chapter 2,,,1.0,10,2021-02-01 05:00:00,2021-02-21 04:59:00,2021-01-25 03:24:28,2021-02-15 03:39:14,1,45,34.0,6,37.0,1.0,1,1,Skimia basics for a Senior Cost Accountant,5
233,238,Learning the Language,Chapter 3,,,1.0,10,2021-02-01 05:00:00,2021-02-28 04:59:00,2021-01-25 03:25:46,2021-02-22 05:47:42,1,45,34.0,6,37.0,1.0,1,1,Bluejam for an expert Structural Analysis Engineer,5
234,239,Approaching Strategy,Chapter 4,,,1.0,10,2021-02-01 05:00:00,2021-03-07 04:59:00,2021-01-25 03:27:30,2021-03-01 03:21:21,1,45,34.0,6,37.0,1.0,1,1,Gigashots for an expert Geologist I,5
235,240,Putting the Proposal Together,Chapter 5,,,1.0,10,2021-02-01 05:00:00,2021-03-14 04:59:00,2021-01-25 03:28:34,2021-03-07 22:26:58,1,45,34.0,6,37.0,1.0,1,1,Flashdog basics for a Graphic Designer,5
236,241,Foundation Grants,Chapter 6,,,1.0,10,2021-02-01 05:00:00,2021-03-21 03:59:00,2021-01-25 03:29:23,2021-03-15 02:34:44,1,45,34.0,6,37.0,1.0,1,1,Eare and Food Pyramids - for the Nurse Practicioner,5
237,242,State DoE,Chapter 7,,,1.0,10,2021-02-01 05:00:00,2021-03-28 03:59:00,2021-01-25 03:30:19,2021-03-22 03:17:42,1,45,34.0,6,37.0,1.0,1,1,Skiba for an expert Business Systems Development Analyst,5
238,243,Test 1,,,,,2,2021-09-29 04:00:00,2022-04-04 03:59:00,2021-10-01 23:55:12,2021-10-01 23:55:12,1,53,,3,,,0,0,Tagtune for an expert Recruiting Manager,5
