,id,name,project_id,created_at,updated_at,anon_name,diversity_score
0,2,Icelandic lorem ipsus,3,2017-03-11 15:15:40,2023-01-11 21:46:24,Icelandic lorem ipsus,
1,3,German lorem ipsus,3,2017-03-11 15:16:20,2023-01-11 21:46:24,German lorem ipsus,
2,4,Afrikaans lorem ipsus,3,2017-03-11 15:16:39,2023-01-11 21:46:24,Afrikaans lorem ipsus,
3,5,Estonian lorem ipsus,4,2017-03-14 06:29:42,2023-01-11 21:46:24,Estonian lorem ipsus,
4,6,Kazakh lorem ipsus,4,2017-03-14 06:30:55,2023-01-11 21:46:24,Kazakh lorem ipsus,
5,7,Aymara lorem ipsus,5,2017-03-14 06:50:58,2023-01-11 21:46:24,Aymara lorem ipsus,
6,8,German lorem ipsus,5,2017-03-14 06:51:40,2023-01-11 21:46:24,German lorem ipsus,
7,9,Khmer lorem ipsus,5,2017-03-14 06:52:38,2023-01-11 21:46:24,Khmer lorem ipsus,
8,10,Czech lorem ipsus,5,2017-03-14 06:53:12,2023-01-11 21:46:24,Czech lorem ipsus,
9,11,Latvian lorem ipsus,5,2017-03-14 06:53:46,2023-01-11 21:46:24,Latvian lorem ipsus,
10,12,Sotho lorem ipsus,5,2017-03-14 06:54:02,2023-01-11 21:46:24,Sotho lorem ipsus,
11,13,Somali lorem ipsus,5,2017-03-14 13:01:04,2023-01-11 21:46:24,Somali lorem ipsus,
12,14,The Atlantic Hotel Skinders,6,2017-09-12 14:57:31,2023-01-11 21:46:24,The Atlantic Hotel Skinders,23.0
13,15,Tswana Flashsets,6,2017-09-12 15:06:03,2023-01-11 21:46:24,Tswana Flashsets,22.0
14,16,Czech Pixopes,6,2017-09-12 15:06:19,2023-01-11 21:46:24,Czech Pixopes,29.0
15,17,The MGM Grand Casino Twinders,7,2017-09-12 15:08:54,2023-01-11 21:46:24,The MGM Grand Casino Twinders,30.0
16,18,The Pentagon LiveZs,7,2017-09-12 15:12:43,2023-01-11 21:46:24,The Pentagon LiveZs,20.0
17,19,Yiddish Pixonyxs,7,2017-09-12 15:17:46,2023-01-11 21:46:24,Yiddish Pixonyxs,24.0
18,20,Sun Life Stadium Midels,8,2017-09-13 03:06:58,2023-01-11 21:46:24,Sun Life Stadium Midels,21.0
19,21,Shell Cottage Janyxs,8,2017-09-13 03:07:19,2023-01-11 21:46:24,Shell Cottage Janyxs,22.0
20,22,Japanese Vipes,8,2017-09-13 03:09:38,2023-01-11 21:46:24,Japanese Vipes,16.0
21,23,The Frying Dutchman Wordifys,9,2017-09-13 05:56:52,2023-01-11 21:46:24,The Frying Dutchman Wordifys,22.0
22,24,Hubert H. Humphrey Metrodome Gigashotss,9,2017-09-13 05:59:09,2023-01-11 21:46:24,Hubert H. Humphrey Metrodome Gigashotss,28.0
23,25,Candlestick Park Livefishs,9,2017-09-13 06:01:11,2023-01-11 21:46:24,Candlestick Park Livefishs,24.0
24,26,The Bates Hotel Oyopes,9,2017-09-13 06:02:46,2023-01-11 21:46:24,The Bates Hotel Oyopes,25.0
25,27,The Mirage Casino Voomms,9,2017-09-13 06:04:00,2023-01-11 21:46:24,The Mirage Casino Voomms,21.0
26,28,Irish Gaelic Feedfires,9,2017-09-13 06:05:48,2023-01-11 21:46:24,Irish Gaelic Feedfires,23.0
27,29,Indonesian Wikizzs,9,2017-09-13 06:07:40,2023-01-11 21:46:24,Indonesian Wikizzs,28.0
28,30,Churchill Downs Blogpads,9,2017-09-13 06:14:27,2023-01-11 21:46:24,Churchill Downs Blogpads,25.0
29,31,Mongolian Wordtunes,10,2018-03-17 08:55:09,2023-01-11 21:46:24,Mongolian Wordtunes,29.0
30,32,Albanian Edgeblabs,10,2018-03-17 08:55:24,2023-01-11 21:46:24,Albanian Edgeblabs,32.0
31,33,German Midels,10,2018-03-17 08:55:34,2023-01-11 21:46:24,German Midels,26.0
32,34,Korean Shufflebeats,11,2018-03-17 14:00:02,2023-01-11 21:46:24,Korean Shufflebeats,28.0
33,35,University of Phoenix Stadium Mymms,11,2018-03-17 14:01:14,2023-01-11 21:46:24,University of Phoenix Stadium Mymms,28.0
34,36,Belarusian Mitas,11,2018-03-17 14:01:43,2023-01-11 21:46:24,Belarusian Mitas,25.0
35,37,Haitian Creole Livetubes,12,2018-07-13 19:27:03,2023-01-11 21:46:24,Haitian Creole Livetubes,0.0
36,38,Gujarati Pixonyxs,12,2018-07-20 19:58:06,2023-01-11 21:46:24,Gujarati Pixonyxs,0.0
37,39,Louisiana Superdome InnoZs,13,2018-08-07 01:28:21,2023-01-11 21:46:24,Louisiana Superdome InnoZs,0.0
38,42,Kwik-E-Mart Reallinkss,17,2018-09-11 13:31:30,2023-01-11 21:46:24,Kwik-E-Mart Reallinkss,3.0
39,43,Azeri Jabberbeans,17,2018-09-11 13:31:53,2023-01-11 21:46:24,Azeri Jabberbeans,0.0
40,44,Centennial Park Photobugs,18,2018-09-11 14:29:31,2023-01-11 21:46:24,Centennial Park Photobugs,13.0
41,45,Arkham Asylum Triliths,18,2018-09-11 14:29:41,2023-01-11 21:46:24,Arkham Asylum Triliths,1.0
42,46,The Bombursts Castle Voomms,18,2018-09-11 14:30:06,2023-01-11 21:46:24,The Bombursts Castle Voomms,0.0
43,47,Azeri Twinders,18,2018-09-11 14:30:19,2023-01-11 21:46:24,Azeri Twinders,0.0
44,48,Finnish Pixoboos,18,2018-09-11 14:30:29,2023-01-11 21:46:24,Finnish Pixoboos,0.0
45,49,Ford Field Abatzs,18,2018-09-11 14:30:40,2023-01-11 21:46:24,Ford Field Abatzs,0.0
46,50,Lambeau Field Edgeifys,18,2018-09-11 14:30:49,2023-01-11 21:46:24,Lambeau Field Edgeifys,0.0
47,51,Soldier Field Photojams,18,2018-09-11 14:31:01,2023-01-11 21:46:24,Soldier Field Photojams,0.0
48,52,Papiamento Ainyxs,18,2018-09-11 14:31:20,2023-01-11 21:46:24,Papiamento Ainyxs,0.0
49,53,Try-N-Save Realpoints,18,2018-09-11 14:31:29,2023-01-11 21:46:24,Try-N-Save Realpoints,0.0
50,54,Kashmiri Linklinkss,18,2018-09-11 14:31:39,2023-01-11 21:46:24,Kashmiri Linklinkss,0.0
51,55,Pashto Katzs,18,2018-09-11 14:31:49,2023-01-11 21:46:24,Pashto Katzs,0.0
52,56,Cowboys Stadium Browseblabs,18,2018-09-11 14:31:58,2023-01-11 21:46:24,Cowboys Stadium Browseblabs,0.0
53,57,Churchill Downs Linkbuzzs,18,2018-09-11 14:32:08,2023-01-11 21:46:24,Churchill Downs Linkbuzzs,0.0
54,58,The Statue of Liberty Jetpulses,18,2018-09-11 14:32:20,2023-01-11 21:46:24,The Statue of Liberty Jetpulses,0.0
55,59,University of Phoenix Stadium JumpXSs,14,2018-09-14 02:53:21,2023-01-11 21:46:25,University of Phoenix Stadium JumpXSs,29.0
56,60,M&T Bank Stdium Wikizzs,14,2018-09-14 02:53:31,2023-01-11 21:46:25,M&T Bank Stdium Wikizzs,31.0
57,61,Gujarati Lazzs,14,2018-09-14 02:53:57,2023-01-11 21:46:25,Gujarati Lazzs,30.0
58,62,MI6 Headquarters Eamias,19,2018-09-14 03:02:09,2023-01-11 21:46:25,MI6 Headquarters Eamias,32.0
59,63,Wayne Manor Agimbas,19,2018-09-14 03:02:17,2023-01-11 21:46:25,Wayne Manor Agimbas,38.0
60,64,The Sears Tower Twimbos,20,2018-10-08 01:27:24,2023-01-11 21:46:25,The Sears Tower Twimbos,
61,65,The International Space Station Zoomdogs,20,2018-10-08 01:27:37,2023-01-11 21:46:25,The International Space Station Zoomdogs,
62,66,Raymond James Stadium Browseblabs,18,2018-10-18 22:03:47,2023-01-11 21:46:25,Raymond James Stadium Browseblabs,0.0
63,67,Dutch Demivees,21,2019-03-12 08:15:29,2023-01-11 21:46:25,Dutch Demivees,28.0
64,68,Lao Brainspheres,21,2019-03-12 08:15:56,2023-01-11 21:46:25,Lao Brainspheres,33.0
65,69,Pashto Eares,21,2019-03-12 08:16:10,2023-01-11 21:46:25,Pashto Eares,32.0
66,70,Isengard Eayos,21,2019-03-12 08:16:26,2023-01-11 21:46:25,Isengard Eayos,39.0
67,71,Centennial Hotel Photojams,21,2019-03-12 08:16:42,2023-01-11 21:46:25,Centennial Hotel Photojams,32.0
68,72,Mount Everest Twitterbeats,21,2019-03-12 08:17:49,2023-01-11 21:46:25,Mount Everest Twitterbeats,36.0
69,73,Metropolis Museum of Art Photojams,21,2019-03-12 08:18:02,2023-01-11 21:46:25,Metropolis Museum of Art Photojams,32.0
70,74,Monstro Mart Kwideos,21,2019-03-12 08:18:12,2023-01-11 21:46:25,Monstro Mart Kwideos,33.0
71,75,Qwest Field Gigazooms,22,2019-03-18 00:50:35,2023-01-11 21:46:25,Qwest Field Gigazooms,22.0
72,76,Krusty Krab Brainlounges,22,2019-03-18 00:50:43,2023-01-11 21:46:25,Krusty Krab Brainlounges,22.0
73,77,The Cathedral of Learning Jaxnations,26,2019-09-09 17:43:49,2023-01-11 21:46:25,The Cathedral of Learning Jaxnations,22.0
74,78,Malay Blogpads,24,2019-09-10 02:41:27,2023-01-11 21:46:25,Malay Blogpads,18.0
75,79,Shell Cottage Oyopes,24,2019-09-10 02:41:35,2023-01-11 21:46:25,Shell Cottage Oyopes,24.0
76,80,New Meadowlands Stadium Twitterbeats,24,2019-09-10 02:41:42,2023-01-11 21:46:25,New Meadowlands Stadium Twitterbeats,18.0
77,81,Croatian Jaxspans,24,2019-09-10 02:41:49,2023-01-11 21:46:25,Croatian Jaxspans,15.0
78,82,Arrowhead Stadium Eires,26,2019-09-11 16:57:25,2023-01-11 21:46:25,Arrowhead Stadium Eires,17.0
79,83,Gagauz Talanes,24,2019-09-11 18:23:06,2023-01-11 21:46:25,Gagauz Talanes,0.0
80,84,Louisiana Superdome Browsezooms,25,2019-09-15 00:46:12,2023-01-11 21:46:25,Louisiana Superdome Browsezooms,12.0
81,85,Romanian Devbugs,25,2019-09-15 00:46:24,2023-01-11 21:46:25,Romanian Devbugs,13.0
82,86,Malagasy Skimias,25,2019-09-15 00:46:31,2023-01-11 21:46:25,Malagasy Skimias,17.0
83,87,M&T Bank Stdium Yoveos,25,2019-09-15 00:46:38,2023-01-11 21:46:25,M&T Bank Stdium Yoveos,17.0
84,88,Diagon Alley Thoughtbeats,23,2019-09-15 01:24:05,2023-01-11 21:46:25,Diagon Alley Thoughtbeats,14.0
85,89,The Bellagio Casino Wordpedias,23,2019-09-15 01:24:10,2023-01-11 21:46:25,The Bellagio Casino Wordpedias,13.0
86,90,Danish Quaxos,23,2019-09-15 01:24:37,2023-01-11 21:46:25,Danish Quaxos,10.0
87,91,Oriya Topiczooms,23,2019-09-15 01:24:48,2023-01-11 21:46:25,Oriya Topiczooms,22.0
88,92,Thai Edgepulses,27,2019-10-24 20:38:21,2023-01-11 21:46:25,Thai Edgepulses,
89,93,Thai Gigazooms,28,2020-02-06 14:09:35,2023-01-11 21:46:25,Thai Gigazooms,21.0
90,94,Krusty Krab Browsezooms,28,2020-02-06 14:16:52,2023-01-11 21:46:25,Krusty Krab Browsezooms,23.0
91,95,Danish Skippads,28,2020-02-06 14:18:39,2023-01-11 21:46:25,Danish Skippads,17.0
92,96,Candlestick Park Topiczooms,31,2020-09-04 01:48:48,2023-01-11 21:46:25,Candlestick Park Topiczooms,23.0
93,97,Heinz Field Rhynoodles,31,2020-09-04 01:49:03,2023-01-11 21:46:25,Heinz Field Rhynoodles,22.0
94,98,Italian Jazzys,31,2020-09-04 01:49:33,2023-01-11 21:46:25,Italian Jazzys,25.0
95,99,Cleveland Browns Stadium Browsedrives,29,2020-09-08 14:28:03,2023-01-11 21:46:25,Cleveland Browns Stadium Browsedrives,19.0
96,100,Krusty Krab Yamias,29,2020-09-08 14:28:34,2023-01-11 21:46:25,Krusty Krab Yamias,17.0
97,101,Malagasy Brainlounges,29,2020-09-09 01:29:43,2023-01-11 21:46:25,Malagasy Brainlounges,16.0
98,102,Malay Photolists,30,2020-09-09 02:05:19,2023-01-11 21:46:25,Malay Photolists,14.0
99,103,Maltese Voonyxs,30,2020-09-09 02:06:19,2023-01-11 21:46:25,Maltese Voonyxs,13.0
100,104,Dari Janyxs,30,2020-09-09 02:06:48,2023-01-11 21:46:25,Dari Janyxs,17.0
101,105,Moes Tavern Eazzys,30,2020-09-11 14:04:36,2023-01-11 21:46:25,Moes Tavern Eazzys,20.0
102,106,The Leaky Cauldron Twinders,30,2020-09-11 14:06:43,2023-01-11 21:46:25,The Leaky Cauldron Twinders,16.0
103,107,Georgia Dome Twitternations,30,2020-09-11 14:06:53,2023-01-11 21:46:25,Georgia Dome Twitternations,23.0
104,108,Dari Edgetags,32,2021-02-18 23:06:46,2023-01-11 21:46:25,Dari Edgetags,30.0
105,109,Swahili Topicshotss,32,2021-02-18 23:08:25,2023-01-11 21:46:25,Swahili Topicshotss,25.0
106,110,Bosnian Dynazzys,34,2021-02-19 03:22:31,2023-01-11 21:46:25,Bosnian Dynazzys,23.0
107,111,Dutch Gevees,34,2021-02-19 03:24:36,2023-01-11 21:46:25,Dutch Gevees,27.0
108,112,Lucas Oil Stadium Dablists,34,2021-02-19 03:27:24,2023-01-11 21:46:25,Lucas Oil Stadium Dablists,16.0
109,113,Tajik Zazios,33,2021-02-22 04:32:33,2023-01-11 21:46:25,Tajik Zazios,34.0
110,114,Sotho Meevees,33,2021-02-22 04:33:51,2023-01-11 21:46:25,Sotho Meevees,22.0
111,115,The Royal Castle Dynaboxs,33,2021-02-22 04:35:09,2023-01-11 21:46:25,The Royal Castle Dynaboxs,16.0
112,116,Czech Topicshotss,32,2021-02-22 04:47:02,2023-01-11 21:46:25,Czech Topicshotss,16.0
113,117,Indonesian Oobas,32,2021-02-22 04:49:57,2023-01-11 21:46:25,Indonesian Oobas,21.0
114,118,Italian Tagchats,38,2021-09-14 11:41:17,2023-01-11 21:46:25,Italian Tagchats,29.0
115,119,Lard Lad Donuts Myntes,40,2021-09-14 11:42:10,2023-01-11 21:46:25,Lard Lad Donuts Myntes,31.0
116,120,The Pentagon Vooliths,40,2021-09-14 11:42:19,2023-01-11 21:46:25,The Pentagon Vooliths,21.0
117,121,Czech Skajos,41,2021-09-14 11:44:01,2023-01-11 21:46:25,Czech Skajos,21.0
118,122,Luxembourgish LiveZs,41,2021-09-14 11:44:07,2023-01-11 21:46:25,Luxembourgish LiveZs,20.0
119,123,Maltese Skivees,38,2021-09-16 03:46:44,2023-01-11 21:46:25,Maltese Skivees,17.0
120,124,New Zealand Sign Language Photolists,38,2021-09-17 00:54:02,2023-01-11 21:46:25,New Zealand Sign Language Photolists,17.0
121,125,LP Field Topicshotss,41,2021-09-17 01:12:40,2023-01-11 21:46:25,LP Field Topicshotss,18.0
122,126,King Toots Photospaces,41,2021-09-17 01:14:59,2023-01-11 21:46:25,King Toots Photospaces,19.0
123,127,Candlestick Park Tavus,41,2021-09-19 01:50:51,2023-01-11 21:46:25,Candlestick Park Tavus,21.0
124,128,Punjabi Voonders,41,2021-09-19 01:51:05,2023-01-11 21:46:25,Punjabi Voonders,18.0
125,129,The Possum Lodge Talanes,35,2021-09-23 13:16:17,2023-01-11 21:46:25,The Possum Lodge Talanes,13.0
126,130,The Leaky Cauldron Devifys,35,2021-09-23 13:16:22,2023-01-11 21:46:25,The Leaky Cauldron Devifys,12.0
127,131,Shell Cottage Zoozzys,35,2021-09-23 13:16:28,2023-01-11 21:46:25,Shell Cottage Zoozzys,13.0
128,132,Indonesian Livepaths,35,2021-09-23 13:16:33,2023-01-11 21:46:25,Indonesian Livepaths,16.0
